ethnicity_id,village_id
1,1
2,1
3,2
4,3
5,4
6,5
2,6
1,7
7,8
8,9
9,10
9,4
10,11
6,12
8,13
11,14
12,15
4,16
1,11
6,17
5,18
9,5
13,19
14,20
9,8
15,21
2,11
4,18
10,22
9,16
16,23
17,2
18,8
5,1
6,24
16,25
16,26
19,7
17,5
1,5
4,27
11,19
5,19
2,22
5,28
3,29
9,30
17,15
20,5
3,6
17,1
5,31
21,7
5,2
9,31
6,32
11,18
1,21
22,33
22,28
9,1
14,19
6,34
14,14
3,1
3,21
1,2
5,5
4,35
11,36
4,5
9,18
9,7
4,30
9,33
6,28
11,20
1,18
17,7
5,7
23,37
24,37
25,38
26,39
27,40
27,41
28,42
29,43
30,44
31,44
32,45
33,46
30,43
32,38
25,47
28,37
29,48
34,49
26,50
29,51
29,42
24,51
26,52
35,53
27,54
36,55
29,56
33,47
37,45
23,40
32,57
35,37
28,58
28,51
24,44
34,37
25,45
28,50
33,49
24,53
29,50
27,59
24,52
23,60
30,42
26,61
28,47
28,62
28,48
33,63
35,62
23,64
26,60
31,51
27,38
30,65
35,39
26,63
24,49
38,45
26,66
28,63
27,45
27,57
30,48
37,67
24,60
33,68
33,61
28,56
26,64
34,64
32,43
24,43
34,60
35,44
34,69
27,70
33,52
39,58
23,49
29,65
27,71
28,65
25,55
32,67
35,46
23,61
30,56
26,68
23,50
37,63
30,51
32,47
24,61
33,39
23,62
23,48
28,44
23,69
31,43
32,54
28,43
33,62
24,39
33,64
31,50
35,61
30,58
29,49
30,50
23,72
33,66
33,50
29,44
33,60
24,69
40,73
41,74
42,75
43,76
41,77
41,78
41,79
41,80
44,81
45,82
44,83
26,84
46,85
44,86
47,87
42,88
33,89
43,90
44,76
44,91
40,92
41,93
41,94
44,95
42,96
41,97
48,98
47,99
44,85
42,100
41,101
42,102
49,103
26,89
50,103
41,104
41,105
49,106
41,107
41,90
41,108
45,109
42,110
45,111
49,112
49,76
26,113
44,114
40,115
51,103
41,116
52,117
51,118
52,119
41,120
51,121
44,122
41,123
44,124
40,125
49,82
46,125
41,126
42,84
41,127
41,128
41,122
41,129
41,130
43,131
42,132
44,133
50,134
46,98
41,135
41,136
50,137
41,138
50,106
44,139
41,133
41,140
46,76
49,141
50,142
53,143
41,144
49,105
48,145
41,146
47,147
41,139
41,148
44,149
41,131
47,76
43,150
41,151
44,129
45,152
44,136
41,153
41,154
47,149
41,155
51,156
41,157
41,158
41,159
54,160
45,76
46,100
41,161
44,147
46,150
41,162
55,163
41,164
52,116
43,105
41,165
49,150
44,166
26,167
46,133
46,168
45,156
44,79
44,169
46,92
46,87
56,170
41,171
46,147
49,172
47,173
41,86
41,174
33,167
47,105
41,124
44,168
45,121
49,160
41,175
51,176
50,82
51,82
41,85
42,177
44,143
49,134
44,178
41,179
41,114
52,180
41,181
45,176
41,150
52,182
45,118
46,131
57,167
46,115
43,85
26,177
41,166
45,143
51,111
33,113
44,100
50,152
44,174
50,112
43,93
41,183
52,184
41,76
50,141
44,105
41,143
47,153
44,97
44,159
44,146
40,98
41,185
58,147
44,90
46,73
41,178
59,184
47,157
49,152
41,168
51,186
51,109
49,142
41,81
49,156
43,147
47,131
44,123
46,105
41,187
41,88
41,91
41,169
41,95
52,87
41,149
47,159
49,169
40,188
50,90
50,81
40,145
41,83
49,170
44,93
48,188
47,116
43,100
41,189
41,147
41,100
54,105
59,87
60,190
61,191
62,192
63,193
64,193
65,194
60,195
66,196
65,197
67,198
66,199
68,200
69,201
60,202
69,203
60,204
62,205
70,206
71,207
70,208
60,209
63,210
67,211
66,212
72,213
65,214
63,215
65,216
70,217
69,218
62,219
72,220
73,221
65,222
62,223
64,224
62,225
71,226
60,227
72,226
62,228
60,229
71,230
74,231
62,232
75,233
71,211
76,234
60,235
62,236
60,237
60,238
74,239
62,240
70,241
62,242
63,191
69,243
60,244
64,245
66,246
63,247
74,248
66,249
69,250
62,251
64,252
69,196
66,253
73,254
69,255
65,256
62,257
62,258
62,259
65,260
72,261
62,262
60,263
62,263
60,264
69,265
65,266
75,267
70,268
62,269
65,270
62,271
60,272
60,273
60,274
62,275
71,276
71,277
75,278
62,279
66,191
73,280
72,281
60,282
70,283
60,284
72,285
71,286
62,287
63,288
66,289
69,290
69,291
68,199
60,292
70,293
60,192
66,294
75,295
75,296
63,297
66,298
65,299
65,300
73,301
69,302
71,303
62,304
60,305
63,306
65,259
64,294
69,307
71,308
62,309
62,248
69,226
60,310
62,244
67,224
60,311
71,312
72,313
62,314
60,212
66,315
72,316
64,317
60,318
75,319
71,220
69,320
62,215
71,321
65,322
62,323
65,324
70,325
77,326
62,327
62,328
63,329
33,330
69,331
69,332
73,317
78,333
63,334
69,281
71,335
72,265
60,336
65,337
60,338
60,339
62,220
75,340
70,341
67,335
65,317
74,342
69,262
65,343
72,344
66,345
62,277
72,259
69,346
72,347
66,348
71,349
79,350
60,351
62,352
69,353
65,354
69,355
60,356
60,357
60,358
62,359
60,216
67,360
69,361
74,279
62,347
69,362
60,363
62,364
60,365
71,366
71,367
69,248
60,344
71,294
72,288
60,368
65,368
64,299
63,369
62,307
66,370
60,367
60,371
60,315
71,350
65,372
73,373
62,374
69,375
66,226
60,376
63,377
71,236
72,378
71,379
64,380
80,381
62,382
69,383
71,302
60,384
60,203
62,301
62,385
60,386
75,199
73,234
63,387
65,388
69,389
60,390
71,317
72,391
69,392
69,393
73,394
71,326
62,395
61,396
65,349
72,224
66,204
70,397
65,398
80,399
65,310
61,259
72,400
66,198
65,237
62,401
64,402
66,403
75,279
62,404
73,256
60,405
62,199
62,406
74,407
72,408
66,409
72,409
64,410
62,256
69,214
62,405
62,411
72,199
69,412
60,413
66,414
74,269
69,360
62,415
66,416
60,417
62,361
60,418
69,419
72,420
81,421
71,422
71,423
60,424
60,425
60,426
75,427
62,428
64,429
75,245
72,366
69,430
60,431
65,432
62,433
69,344
71,234
62,200
60,434
75,435
75,436
69,437
72,438
74,439
69,440
65,441
62,442
65,334
62,443
62,444
75,445
62,320
60,446
62,315
82,447
83,405
62,212
66,428
65,448
69,347
60,449
60,450
64,451
65,244
69,416
71,402
60,258
72,452
69,212
66,398
72,453
62,454
82,242
72,277
62,455
62,238
62,456
73,238
84,370
60,457
62,458
63,198
73,326
60,459
60,460
62,461
67,462
63,463
60,464
66,276
62,465
65,466
74,467
85,285
68,277
73,468
60,469
64,367
86,470
64,306
71,227
33,269
60,471
60,472
60,473
62,206
70,474
62,475
74,475
75,476
62,201
60,477
60,478
66,430
64,479
70,455
62,403
65,480
71,412
62,387
60,481
69,482
69,359
65,483
66,277
69,484
62,485
64,462
74,191
62,423
60,392
62,486
62,389
74,448
65,357
65,487
66,192
60,443
62,488
72,489
71,229
75,370
66,367
66,301
62,490
60,491
60,251
87,234
60,492
60,493
64,494
69,490
88,371
72,495
69,495
75,495
70,496
71,256
69,497
65,498
60,254
60,499
63,500
62,376
66,501
62,313
69,224
74,502
60,503
66,504
80,211
71,505
71,506
60,507
66,508
60,383
69,395
71,213
60,509
78,320
71,510
60,246
69,511
71,512
71,513
68,399
62,514
72,381
64,515
71,214
66,516
65,254
66,247
66,288
71,453
62,517
72,271
66,279
66,518
62,273
69,205
60,381
68,255
65,404
60,519
65,269
72,520
65,521
62,522
65,523
70,524
60,525
62,526
60,527
60,528
88,326
73,374
89,529
60,530
71,355
60,531
62,532
69,275
65,399
62,224
60,487
62,366
66,373
60,287
62,230
71,287
72,294
72,470
69,368
60,533
72,362
72,479
64,534
71,535
62,393
66,535
69,427
74,536
69,537
66,462
60,354
36,318
65,505
74,538
87,295
66,539
60,241
63,540
72,207
69,298
60,236
74,541
74,542
61,367
66,401
66,543
62,421
69,310
69,544
71,199
69,508
67,545
71,546
62,547
62,448
60,249
70,548
73,201
65,282
64,210
71,232
64,437
62,549
75,420
67,550
62,501
60,454
65,551
66,552
60,421
87,403
69,553
63,211
66,297
60,416
65,554
67,271
66,555
62,546
69,556
71,301
60,557
75,409
71,558
65,539
73,244
65,540
71,545
60,559
62,412
70,560
73,387
73,561
60,271
60,324
66,562
62,216
60,563
71,409
71,555
66,355
60,564
60,565
66,256
65,566
75,567
60,523
62,409
73,253
69,338
71,247
67,201
82,405
66,349
60,568
74,569
74,570
60,393
71,332
70,571
60,572
71,573
75,574
74,575
75,576
62,193
60,541
75,577
69,348
65,211
66,515
65,406
75,578
75,538
69,522
60,579
62,290
72,211
60,214
60,303
75,580
74,581
60,257
65,582
66,375
62,583
62,553
73,463
65,584
74,585
65,586
62,295
66,221
72,406
60,207
71,539
62,209
65,587
64,378
62,226
60,588
62,589
65,571
62,590
72,307
71,591
66,575
65,592
66,379
62,593
65,594
60,496
60,537
69,593
69,595
66,329
66,596
69,519
65,468
74,207
65,325
62,597
60,598
80,555
66,392
64,349
90,437
60,599
71,488
69,334
66,544
64,223
62,400
60,191
64,522
87,543
74,464
69,504
74,600
91,250
65,190
72,200
23,269
63,549
69,601
71,602
70,456
64,409
62,317
65,603
62,435
87,604
60,605
71,606
60,194
62,194
68,347
62,349
62,552
72,436
65,607
65,608
65,609
60,423
72,437
65,426
67,233
71,359
74,610
65,248
63,611
65,612
60,613
69,387
62,191
60,439
70,486
62,190
65,614
71,327
65,615
60,616
69,603
69,617
71,245
66,618
66,291
68,381
65,583
65,619
73,367
65,620
60,621
72,519
60,451
69,240
85,304
72,198
65,622
65,623
60,379
69,552
66,503
71,353
62,350
72,191
60,624
72,398
75,350
75,411
62,473
72,330
78,625
65,494
62,391
63,412
69,543
69,625
60,486
60,626
60,627
64,622
63,622
69,628
70,318
65,352
64,297
69,532
60,629
65,382
64,253
62,211
74,376
63,520
62,399
65,630
69,333
62,414
60,583
64,271
71,252
62,326
72,359
65,273
60,279
60,608
60,428
92,456
75,631
62,214
69,199
70,632
68,452
60,526
65,527
65,326
62,332
65,633
65,634
72,360
62,437
60,520
87,452
66,635
71,201
65,491
73,360
66,407
66,636
71,568
65,637
70,638
70,639
62,611
74,554
60,548
75,442
60,640
60,337
64,526
65,641
62,234
66,642
62,381
60,268
72,643
65,644
65,645
65,646
62,647
65,246
60,465
75,218
75,344
73,505
69,505
60,648
71,399
70,649
66,275
69,245
69,453
66,362
65,529
60,650
62,651
65,652
69,391
73,391
60,653
62,468
66,654
69,423
72,615
75,203
62,217
72,655
68,328
66,445
62,243
63,378
75,198
72,245
74,322
60,656
62,528
71,258
65,397
62,515
74,441
72,255
44,392
66,290
63,258
73,539
80,362
62,544
71,657
60,655
60,494
69,373
41,392
69,402
74,658
66,314
60,623
60,250
74,428
80,550
72,539
93,333
69,659
72,660
65,661
62,581
66,399
87,409
66,412
75,662
65,524
75,663
75,262
71,275
60,562
64,360
73,664
63,491
69,665
62,408
77,421
62,355
60,636
90,439
65,666
74,500
71,271
65,598
62,562
60,483
69,277
62,667
63,421
63,531
60,350
65,668
66,436
62,669
66,423
65,670
65,647
61,518
69,287
71,370
66,400
65,671
60,630
60,672
62,233
64,255
71,387
62,617
68,294
71,503
60,673
70,194
62,280
63,373
72,196
60,674
65,543
68,398
74,675
73,676
69,301
75,643
60,295
60,677
62,596
71,210
60,678
72,382
60,234
72,214
60,375
60,679
69,463
72,505
69,589
71,219
66,395
71,395
80,680
72,558
62,440
78,511
69,560
60,681
68,651
64,542
61,437
60,475
74,614
78,596
60,298
69,475
64,498
62,510
64,400
65,516
69,520
65,682
71,196
66,259
60,683
75,684
69,399
60,685
87,199
62,196
72,333
74,491
60,512
94,583
71,333
62,252
71,520
66,437
60,635
95,686
66,421
75,355
62,353
62,529
62,687
65,393
65,688
75,573
90,196
72,689
60,590
60,366
66,366
75,690
60,408
69,288
65,691
71,522
69,692
74,540
62,334
64,693
64,694
65,534
65,204
65,467
60,647
60,646
62,392
60,592
66,200
72,299
66,302
70,237
75,695
73,257
60,293
69,198
71,548
60,696
65,502
73,399
65,515
60,697
62,599
62,698
69,429
60,699
69,445
64,700
64,312
64,560
62,250
75,281
65,538
65,360
80,201
64,250
60,222
92,701
88,242
71,702
80,655
62,591
69,591
75,703
69,704
64,211
62,508
60,597
65,493
65,536
60,399
71,705
72,367
60,706
73,707
62,289
60,269
67,234
70,337
69,294
60,333
60,444
74,254
78,262
68,333
72,511
65,708
65,408
71,416
65,709
62,685
73,408
62,362
65,710
60,687
60,437
62,601
60,330
72,399
62,333
63,201
69,676
60,485
74,621
62,711
60,712
65,713
60,231
62,576
62,714
65,715
60,370
60,433
75,716
66,287
60,505
65,662
72,717
71,203
60,319
71,298
60,643
74,718
71,209
65,209
66,359
71,250
64,198
66,719
71,676
65,720
62,705
62,570
60,589
66,229
73,192
62,721
60,722
62,723
72,411
62,303
66,236
71,470
65,520
60,331
74,283
71,589
66,599
62,398
60,724
74,620
66,702
65,497
75,725
60,726
64,516
71,704
72,323
80,727
60,705
87,495
63,294
62,339
63,479
66,205
66,580
60,265
75,651
62,506
65,560
75,728
63,313
62,336
71,259
66,520
70,523
73,409
60,729
60,206
63,439
69,452
65,263
72,730
60,731
65,306
71,344
65,562
65,588
62,416
71,732
73,349
60,585
66,439
65,733
69,193
69,366
75,734
68,735
60,736
72,463
69,683
65,701
74,737
65,738
65,739
73,218
62,436
62,608
66,352
75,740
60,661
80,730
96,405
64,733
66,210
60,441
62,487
71,583
60,739
62,489
62,561
62,463
73,445
60,470
70,741
66,361
69,200
65,742
71,516
71,405
62,453
62,483
62,541
66,560
70,559
63,468
73,319
60,743
60,744
60,308
73,745
71,746
66,591
67,482
66,295
80,261
62,470
65,747
60,447
70,308
71,392
75,748
69,596
66,453
71,396
69,192
74,749
66,750
69,319
70,391
71,421
65,421
62,626
62,629
60,221
74,343
66,751
64,440
75,752
65,753
71,212
69,211
60,490
60,517
63,234
62,276
63,254
73,269
65,242
65,693
69,323
62,294
60,397
74,404
60,666
69,321
69,398
90,532
65,754
73,531
75,406
63,480
66,378
60,432
69,494
97,448
72,727
60,755
60,601
60,694
60,364
60,756
69,335
60,692
65,304
69,555
73,338
65,757
75,659
68,375
60,758
94,759
66,760
62,555
60,686
73,259
65,428
69,458
69,514
60,389
98,304
72,442
69,608
63,352
66,405
69,580
65,369
64,618
60,761
70,762
72,763
65,764
69,230
62,229
62,702
60,765
65,206
60,723
65,283
66,429
65,429
99,429
60,641
69,599
65,477
74,459
60,766
65,342
62,580
75,225
71,628
71,751
68,421
62,247
74,767
61,430
62,558
75,558
70,499
80,359
80,717
60,500
62,622
60,309
63,768
60,768
73,769
62,706
71,217
62,585
69,236
66,368
62,378
62,623
66,680
69,221
75,482
62,325
73,250
75,213
75,398
75,197
78,727
75,616
67,374
69,770
60,242
60,771
65,405
66,338
65,542
72,335
60,353
67,317
60,387
71,430
60,772
65,664
62,345
63,343
60,773
63,400
60,774
69,370
75,775
66,201
60,776
66,402
60,777
65,621
69,606
66,513
60,732
70,512
60,778
60,779
71,373
65,370
63,271
72,538
62,648
71,295
62,780
75,781
94,695
60,782
62,255
71,643
64,539
87,277
100,714
65,331
60,453
62,618
60,783
66,387
65,784
60,497
75,689
62,523
66,643
60,785
69,489
69,400
62,584
66,786
62,367
65,787
60,742
69,643
60,788
69,209
69,462
60,789
62,495
66,790
75,200
71,192
62,645
60,575
62,203
60,378
62,791
66,312
73,353
71,504
75,679
74,510
74,479
77,622
62,735
74,752
62,429
87,400
72,353
72,535
74,306
66,321
75,402
65,227
71,224
66,792
75,513
71,225
72,736
63,366
60,614
65,279
67,229
62,689
73,515
66,255
65,456
66,472
66,257
65,439
65,336
60,394
65,231
60,793
60,794
69,408
62,676
75,314
65,795
65,415
73,520
71,437
60,796
66,317
69,279
70,537
65,569
71,191
72,320
69,797
71,427
74,798
60,566
69,409
66,683
69,317
60,799
72,201
66,526
69,517
62,344
65,611
75,800
60,801
69,405
69,531
69,802
71,361
65,712
62,438
62,288
65,803
65,507
74,432
60,414
62,204
60,798
62,643
60,804
88,363
65,210
78,538
63,494
69,367
60,805
63,338
62,565
66,344
62,450
66,310
62,505
95,717
65,533
60,806
65,714
69,336
69,550
62,625
60,807
64,257
65,365
72,429
74,647
60,808
60,750
72,550
101,809
60,810
71,410
71,244
60,713
66,244
74,444
60,622
65,706
62,811
69,811
78,438
66,694
64,679
65,679
66,622
60,812
70,590
87,317
69,403
69,513
71,471
71,338
73,527
65,249
73,591
66,762
69,509
64,809
60,767
66,517
66,727
60,813
62,520
75,814
71,257
65,500
60,815
66,353
60,762
65,387
65,444
66,271
72,375
65,816
95,199
74,739
69,667
71,319
72,355
65,575
62,267
60,817
60,615
60,334
62,285
71,561
66,234
60,818
60,529
60,819
60,760
60,820
62,420
75,514
69,190
64,643
66,791
69,442
69,735
80,285
73,583
71,578
75,809
60,584
62,445
74,369
63,277
62,296
75,821
65,822
75,196
74,400
60,769
63,451
73,817
60,823
71,824
62,756
65,642
65,287
72,462
60,710
60,560
75,438
75,532
71,703
69,352
70,818
65,767
75,287
72,262
62,560
62,700
64,491
62,298
75,825
60,372
64,234
62,373
64,191
87,330
65,826
62,824
63,440
62,746
70,414
65,597
75,596
71,296
62,820
62,792
73,503
72,296
85,600
62,321
60,827
60,456
60,325
75,258
69,253
87,259
65,600
69,506
60,306
60,828
72,532
60,595
66,770
64,680
71,407
71,297
66,743
73,501
66,286
62,773
65,207
66,593
62,602
65,685
65,472
62,253
71,253
73,412
66,336
62,683
62,452
69,259
71,815
69,561
70,358
62,482
69,510
60,277
62,606
73,361
69,436
62,265
70,829
60,317
62,550
62,346
60,609
60,348
64,352
65,585
60,830
60,831
62,832
72,234
73,271
69,271
69,578
69,584
60,833
74,786
75,834
62,835
65,371
61,360
69,587
75,290
102,576
65,836
62,539
69,191
71,566
65,837
62,707
62,519
60,400
62,210
69,247
69,330
69,503
63,784
62,615
65,364
64,313
66,773
65,450
63,367
62,316
60,838
72,403
62,568
66,427
64,609
65,762
62,524
72,230
75,329
65,541
69,563
65,528
94,839
62,802
66,835
60,551
77,681
62,330
62,516
64,520
65,473
60,840
73,683
60,571
62,481
78,261
75,511
60,639
65,280
85,344
69,529
71,685
65,229
69,246
64,826
66,475
63,747
62,545
69,257
65,414
66,481
62,730
66,252
62,360
62,218
65,841
64,277
70,842
94,686
61,421
73,552
65,694
63,430
80,389
75,843
60,844
70,384
60,845
75,440
69,295
75,846
66,558
75,361
60,787
62,319
73,207
64,247
66,360
72,374
60,415
69,809
60,847
69,420
71,360
62,758
72,218
71,255
63,693
82,425
65,848
60,849
66,545
69,207
60,850
62,291
66,470
78,689
62,221
62,535
62,771
98,851
72,625
62,329
65,215
78,406
87,580
60,852
73,352
63,679
60,719
62,543
60,543
80,230
66,391
60,283
60,853
62,402
78,411
103,447
71,617
65,807
60,854
62,213
62,245
62,652
60,652
66,463
69,468
60,602
65,192
74,630
65,719
66,724
64,401
69,229
60,620
69,576
69,380
60,611
62,335
72,212
66,250
60,226
62,727
73,416
60,259
104,259
62,351
74,666
62,636
62,690
85,429
74,234
105,269
74,472
65,855
60,304
60,524
62,261
75,794
69,651
60,256
71,330
60,839
62,338
65,510
65,724
64,412
62,375
72,555
66,296
75,508
60,326
62,511
60,856
64,259
80,346
70,274
66,621
73,191
65,424
62,427
65,366
65,857
62,370
65,433
69,234
68,553
62,302
62,281
71,521
45,858
58,859
41,860
58,861
58,862
44,863
106,864
58,865
58,866
45,867
51,868
107,869
42,870
44,871
44,872
107,873
108,874
42,875
45,876
58,877
50,878
107,879
109,880
44,881
42,880
42,882
42,883
42,884
110,885
41,886
41,887
45,888
44,889
41,863
106,890
44,891
45,892
41,893
44,893
45,894
44,895
107,896
107,897
42,898
41,899
110,900
58,901
58,902
45,903
45,904
44,899
58,905
109,906
41,895
58,907
107,908
58,909
107,910
107,911
41,912
58,913
42,914
10,869
42,879
45,915
42,896
58,916
42,878
58,864
110,878
42,917
109,918
45,919
58,920
41,921
44,887
58,922
58,923
45,924
10,874
106,925
58,926
45,927
41,924
109,928
10,900
41,872
10,929
42,930
107,882
44,931
107,928
41,932
106,933
41,934
58,900
44,900
44,912
42,873
51,935
51,936
51,915
51,937
110,929
106,865
58,938
106,939
106,940
58,941
44,942
44,943
41,944
41,892
107,874
109,898
107,906
42,945
107,946
42,921
41,947
58,948
58,949
107,950
41,951
41,943
45,952
107,921
109,953
109,908
41,954
43,921
44,955
44,944
45,935
106,956
45,957
107,878
44,958
107,898
42,910
44,919
58,959
109,921
45,960
10,917
42,961
44,962
110,963
107,945
41,962
41,919
45,943
44,867
109,869
107,870
41,931
10,878
107,880
45,964
44,951
106,866
111,935
107,965
42,964
10,966
45,967
58,968
41,955
107,884
110,965
33,883
45,936
109,945
58,930
58,969
41,889
107,961
45,860
45,863
41,970
10,908
44,947
58,890
110,874
58,971
45,937
45,972
58,973
41,903
44,974
109,950
109,961
44,963
41,858
58,975
107,953
58,956
45,934
58,940
41,881
58,976
10,930
109,946
41,871
42,977
41,942
42,966
110,911
41,867
58,978
42,979
45,970
41,958
44,886
45,868
58,980
107,918
44,981
58,982
41,891
45,932
58,983
42,874
58,984
42,906
45,981
58,985
10,880
45,954
41,974
10,914
88,986
88,987
88,988
88,989
112,990
112,991
88,992
88,993
113,994
113,995
112,996
88,997
88,998
88,999
113,1000
112,1001
88,1002
88,1003
12,1004
113,1005
88,1006
88,1007
113,1008
113,1009
113,1010
88,1011
88,1012
88,1013
114,1014
88,1015
62,1014
88,1016
88,1017
88,1018
88,1019
88,1020
113,1021
113,1022
88,1023
114,1024
115,1025
88,1026
116,1027
88,1028
88,1029
117,1030
113,1031
88,1032
88,1033
113,1034
88,994
88,1030
113,1035
113,1036
113,1030
88,1037
113,1037
88,1022
88,1038
88,1039
88,1040
113,1041
113,1042
88,1043
88,1044
88,1045
88,1046
88,1034
113,1047
88,1048
88,1049
88,1050
114,1051
113,1052
88,1053
113,1040
88,1054
113,1014
116,1055
113,1056
88,1057
118,1027
88,1056
88,1025
88,1058
88,1059
88,1042
88,1060
88,1061
112,1062
88,1063
112,1010
113,1064
88,1065
113,1053
113,1066
113,1006
114,1035
88,1067
88,1068
88,1069
113,1070
88,1071
113,1072
113,1073
88,995
88,1074
113,1059
88,1075
88,1076
113,1077
88,1073
88,1078
113,1063
113,1079
88,1080
119,1014
113,1081
88,1082
113,1083
88,1084
88,1085
88,1086
113,1087
88,1088
88,1089
88,1047
88,1090
88,1052
113,1069
113,1091
113,1092
88,1093
113,1013
113,1094
88,1095
98,1030
88,1096
88,1097
88,1098
88,1099
88,1100
113,1101
88,1102
112,1103
113,1057
88,1035
88,1041
88,1104
113,1093
88,1079
88,1105
113,1106
114,1019
88,1107
88,1106
88,1108
113,1109
113,1100
113,1110
88,1111
120,1007
88,1087
88,1112
88,1113
88,1114
88,1115
88,1116
112,1117
113,1118
88,1119
113,1085
88,1120
88,1121
88,1122
88,1123
113,1124
88,1125
113,1126
88,1127
88,1128
113,1015
121,1129
88,1004
88,1130
113,996
113,1131
113,1132
113,1127
88,1133
88,1134
113,987
88,1135
88,1136
113,1137
88,1137
88,1138
113,1139
88,1129
88,1140
88,1141
113,1033
113,1142
88,1143
113,1133
88,1024
113,1112
88,1109
88,1144
88,1005
88,1083
88,1145
88,1146
88,1081
88,1092
112,1078
113,1147
118,1055
88,1148
113,1116
88,1149
113,1113
88,1150
88,1070
88,1151
88,1027
113,1138
88,1152
88,1153
88,1154
112,1155
88,1156
88,1157
88,1158
113,1095
88,1014
113,1045
88,1159
113,1027
88,1126
88,1160
113,1153
88,1001
94,1098
113,1152
88,1161
88,1162
88,1163
88,1124
113,1164
88,1165
88,1051
113,1111
88,1110
113,1089
113,1055
113,1156
113,1160
88,1055
88,1166
88,1021
88,1009
88,1167
88,1101
88,1168
112,1169
88,1170
88,1171
113,1128
88,1064
88,1031
113,1007
113,1172
113,1016
88,1036
88,1173
88,1174
113,1065
122,1175
123,1176
124,1177
53,1178
125,1179
122,1180
53,1181
97,1182
86,1183
123,1183
97,1184
126,1185
126,1186
124,1187
97,1188
123,1189
127,1190
124,1191
125,1192
124,1193
124,1194
97,1195
124,1196
53,1197
128,1198
128,1199
128,1200
124,1201
123,1202
86,1203
124,1204
97,1205
126,1192
129,1192
97,1194
124,1206
124,1207
124,1208
97,1209
127,1210
53,1200
124,1211
123,1212
129,1213
127,1214
53,1189
97,1215
127,1216
127,1180
127,1217
123,1218
127,1219
122,1185
126,1220
127,1221
97,1176
126,1222
129,1223
124,1224
122,1225
122,1220
129,1216
125,1213
126,1226
123,1199
123,1188
86,1184
124,1227
124,1228
53,1229
127,1185
127,1175
125,1230
122,1231
129,1232
126,1216
125,1233
86,1182
127,1234
122,1210
97,1198
117,1201
127,1223
123,1195
86,1194
124,1235
125,1236
123,1194
126,1230
128,1237
125,1238
86,1239
124,1240
122,1223
122,1241
123,1229
124,1242
127,1243
97,1200
125,1244
97,1245
123,1245
128,1181
127,1220
125,1216
53,1195
122,1216
127,1231
122,1238
124,1246
124,1247
127,1248
97,1202
125,1249
123,1198
128,1250
97,1251
86,1205
123,1252
123,1253
127,1254
125,1255
97,1256
125,1257
123,1258
53,1199
122,1186
129,1230
53,1237
124,1251
126,1191
123,1259
53,1260
97,1203
127,1261
127,1262
97,1263
53,1250
123,1178
86,1212
126,1223
128,1264
124,1265
124,1266
126,1234
122,1226
123,1200
122,1191
127,1192
123,1267
128,1268
86,1245
123,1197
53,1268
129,1261
53,1218
126,1217
128,1229
125,1241
125,1254
124,1269
97,1270
128,1239
123,1271
124,1272
86,1209
122,1262
122,1261
129,1254
122,1230
125,1273
53,1258
86,1176
97,1239
125,1219
97,1183
127,1222
124,1270
126,1241
86,1274
53,1271
125,1190
124,1275
86,1200
124,1276
129,1277
123,1263
127,1278
122,1279
123,1280
123,1281
123,1237
123,1239
126,1238
124,1282
97,1274
124,1283
127,1277
122,1190
128,1281
122,1236
123,1260
127,1284
124,1285
86,1263
53,1286
124,1279
122,1214
117,1282
125,1287
122,1217
97,1288
123,1289
53,1264
126,1261
126,1254
123,1288
124,1290
86,1281
123,1264
97,1286
127,1186
122,1254
123,1205
125,1278
124,1287
86,1270
129,1234
127,1230
125,1232
129,1262
123,1251
126,1232
86,1198
125,1279
123,1291
127,1241
86,1215
97,1281
123,1286
125,1292
126,1213
123,1293
86,1286
122,1222
125,1234
127,1225
124,1257
124,1292
127,1191
124,1294
123,1250
129,1241
123,1181
124,1295
123,1268
86,1202
128,1258
123,1296
127,1226
129,1292
122,1284
86,1251
126,1284
97,1258
122,1192
127,1238
123,1297
126,1190
130,1298
131,1299
132,1300
133,1301
134,1302
135,1303
131,1302
131,1304
134,1305
132,1306
134,1307
133,1308
134,1309
134,1310
133,1311
136,1302
133,1312
137,1313
133,1300
133,1314
133,1304
134,1315
133,1316
136,1308
138,1317
133,1298
133,1318
133,1319
133,1310
133,1313
139,1309
133,1320
140,1306
130,1321
132,1322
133,1307
133,1323
133,1324
131,1308
133,1302
131,1323
133,1305
133,1325
131,1326
131,1298
134,1327
131,1328
141,1309
133,1329
138,1303
133,1330
133,1331
133,1321
133,1309
133,1303
133,1326
133,1327
142,1305
134,1303
140,1322
31,1323
134,1311
133,1306
143,1321
133,1315
133,1328
131,1321
131,1327
133,1332
133,1333
144,1334
145,1335
146,1336
147,1337
144,1337
19,1338
148,1339
147,1340
149,1341
150,1342
144,1343
144,1344
151,1345
140,1342
22,1346
147,1347
147,1348
148,1349
152,1350
149,1351
144,1352
151,1353
121,1354
149,1355
144,1356
151,1357
144,1358
19,1359
145,1360
146,1361
145,1362
151,1355
19,1346
151,1363
17,1364
9,1365
17,1354
147,1342
153,1366
152,1354
151,1367
151,1368
144,1369
144,1370
144,1371
149,1363
144,1372
152,1347
144,1340
149,1373
154,1360
151,1336
144,1354
151,1373
149,1368
145,1374
144,1375
22,1376
19,1377
149,1378
151,1379
22,1361
144,1380
152,1381
145,1382
155,1383
144,1384
22,1385
144,1386
152,1342
147,1387
22,1388
144,1389
149,1390
148,1359
145,1391
22,1336
144,1392
145,1393
151,1394
19,1379
144,1395
147,1354
147,1350
144,1396
152,1397
144,1342
149,1367
149,1398
146,1379
154,1399
149,1400
152,1337
151,1401
19,1342
144,1397
144,1402
151,1351
151,1403
19,1404
22,1382
154,1405
144,1350
151,1406
22,1404
151,1376
149,1345
137,1336
155,1381
147,1397
156,1407
20,1408
157,1409
156,1410
143,1411
158,1412
159,1413
143,1414
20,1415
160,1407
156,1408
161,1416
158,1417
20,1418
156,1419
156,1420
143,1421
160,1422
20,1423
160,1424
143,1425
20,1426
162,1427
156,1424
143,1428
20,1422
20,1429
39,1430
158,1431
158,1432
160,1419
20,1433
160,1434
137,1435
156,1436
160,1408
158,1437
20,1427
158,1438
156,1439
20,1436
143,1440
159,1441
160,1442
157,1443
160,1444
163,1445
143,1446
161,1447
143,1448
160,1449
162,1408
137,1450
158,1451
20,1450
160,1429
137,1452
20,1453
160,1436
20,1454
143,1451
160,1455
162,1442
20,1456
156,1457
20,1458
158,1445
162,1434
162,1429
160,1420
20,1459
20,1460
21,1429
143,1461
156,1442
137,1462
156,1434
158,1463
143,1464
156,1444
20,1465
164,1466
165,1411
158,1467
159,1468
156,1469
137,1420
159,1464
137,1415
156,1460
152,1408
143,1470
143,1409
160,1418
156,1449
156,1418
160,1410
160,1426
143,1471
20,1472
162,1418
20,1435
160,1473
158,1474
160,1469
156,1465
21,1418
39,1420
159,1475
143,1476
143,1477
156,1478
20,1424
162,1422
152,1427
156,1429
143,1479
165,1448
158,1480
158,1481
156,1473
20,1482
159,1443
160,1460
158,1483
20,1457
143,1419
162,1478
21,1422
159,1479
165,1451
158,1484
165,1428
21,1427
165,1425
158,1485
158,1486
158,1487
165,1488
156,1427
158,1489
20,1490
20,1462
20,1430
156,1422
20,1491
161,1492
20,1493
20,1473
159,1494
156,1455
166,1447
20,1434
158,1494
20,1495
158,1496
160,1439
160,1465
20,1420
165,1477
160,1478
160,1427
121,1497
167,1498
121,1499
163,1500
163,1501
167,1502
168,1503
167,1504
169,1505
167,1506
170,1507
171,1508
163,1509
163,1510
163,1511
167,1512
167,1513
172,1514
171,1499
173,1515
174,1516
173,1517
168,1518
171,1519
174,1520
171,1521
163,1522
171,1506
171,1523
174,1524
175,1507
163,1525
173,1507
176,1526
163,1504
177,1499
163,1527
174,1528
169,1529
167,1530
167,1531
172,1532
174,1533
167,1534
178,1535
169,1536
167,1537
178,1538
167,1539
171,1522
167,1510
121,1526
174,1522
167,1514
167,1540
173,1529
178,1541
167,1542
121,1498
173,1543
167,1544
179,1505
167,1545
167,1499
180,1526
167,1536
174,1525
170,1546
163,1547
167,1523
163,1519
163,1548
174,1503
176,1505
174,1549
167,1521
167,1550
167,1519
178,1551
167,1552
174,1518
174,1553
171,1554
168,1555
121,1505
179,1533
173,1522
167,1556
167,1557
167,1507
167,1558
167,1559
171,1560
163,1561
167,1505
167,1529
174,1562
167,1563
167,1564
180,1565
173,1566
163,1567
171,1515
167,1568
167,1569
167,1570
170,1499
167,1571
171,1507
167,1522
179,1515
167,1572
167,1573
179,1507
178,1574
167,1517
167,1575
167,1576
171,1512
130,1522
174,1577
174,1578
163,1541
167,1579
179,1546
174,1501
136,1580
171,1581
169,1526
174,1582
171,1526
167,1583
167,1584
163,1570
173,1531
174,1510
173,1528
167,1508
167,1497
167,1585
167,1586
167,1587
167,1520
167,1588
174,1580
163,1589
171,1529
167,1554
167,1590
167,1591
167,1526
163,1566
167,1592
167,1593
171,1531
179,1517
170,1594
167,1595
174,1596
171,1505
171,1546
181,1499
133,1533
167,1597
163,1581
171,1594
174,1598
167,1599
178,1600
167,1515
174,1601
171,1536
167,1602
169,1498
123,1603
182,1604
39,1605
39,1606
117,1607
183,1608
38,1609
123,1610
96,1611
183,1612
32,1613
183,1614
184,1615
183,1616
183,1617
184,1618
123,1619
183,1615
183,1620
117,1621
117,1622
117,1623
117,1624
76,1608
182,1625
31,1617
139,1626
133,1606
183,1627
183,1628
117,1629
36,1630
123,1631
185,1624
38,1618
186,1605
19,1632
36,1617
76,1633
182,1615
187,1617
117,1631
117,1634
184,1614
124,1605
183,1625
76,1605
133,1608
128,1622
31,1635
39,1636
188,1626
117,1637
183,1638
30,1635
38,1639
28,1640
183,1641
183,1642
133,1605
182,1643
183,1644
123,1645
19,1646
183,1630
76,1647
38,1604
53,1611
139,1648
178,1639
36,1615
183,1649
187,1644
117,1650
36,1616
189,1613
190,1623
183,1618
185,1611
117,1651
191,1634
117,1611
124,1652
183,1604
192,1605
29,1640
183,1653
185,1629
96,1629
183,1605
142,1626
183,1654
39,1648
39,1613
36,1637
182,1612
183,1652
36,1655
142,1606
183,1633
142,1639
183,1656
142,1636
182,1630
38,1605
28,1605
183,1657
36,1633
182,1644
117,1658
183,1659
190,1629
187,1660
190,1650
183,1661
30,1662
128,1619
38,1630
142,1609
186,1663
23,1644
189,1663
192,1606
25,1647
133,1639
117,1603
38,1617
183,1664
28,1635
183,1665
39,1608
117,1619
128,1611
190,1611
183,1655
25,1633
30,1640
117,1645
39,1639
139,1608
193,1666
182,1627
183,1636
190,1607
194,1608
183,1613
38,1625
183,1667
53,1610
123,1611
187,1604
183,1668
86,1607
37,1613
117,1669
186,1613
190,1651
28,1662
183,1670
128,1631
139,1639
128,1645
133,1636
187,1668
187,1671
142,1605
29,1635
183,1672
183,1673
123,1658
142,1608
189,1605
183,1643
133,1648
128,1603
183,1674
29,1662
184,1664
195,1608
192,1639
183,1675
25,1676
25,1677
123,1607
183,1678
187,1630
183,1679
128,1610
183,1680
39,1674
189,1609
38,1626
29,1630
183,1681
184,1682
183,1671
184,1630
183,1682
194,1683
142,1684
142,1685
194,1686
142,1687
196,1688
142,1689
142,1690
188,1691
194,1692
194,1693
194,1694
142,1695
142,1696
194,1697
194,1698
194,1699
142,1700
196,1701
194,1702
142,1703
194,1704
188,1689
188,1696
194,1705
142,1706
142,1707
194,1708
196,1709
142,1710
142,1711
181,1712
142,1713
194,1714
142,1715
197,1716
196,1717
194,1718
197,1719
194,1696
194,1720
194,1721
142,1722
142,1723
23,1722
188,1724
194,1725
19,1692
194,1726
194,1727
181,1728
142,1729
194,1730
194,1731
196,1732
23,1733
194,1734
194,1735
142,1736
194,1737
194,1738
23,1692
142,1739
194,1740
142,1741
194,1742
142,1743
194,1744
194,1684
194,1745
142,1746
194,1733
194,1747
121,1748
194,1732
194,1749
188,1750
194,1751
194,1752
142,1753
194,1710
142,1754
194,1755
194,1756
188,1757
188,1736
142,1758
194,1759
194,1760
142,1761
194,1762
142,1724
196,1763
194,1764
121,1765
142,1766
142,1767
196,1705
194,1768
194,1769
194,1770
194,1722
142,1730
142,1771
121,1692
142,1772
142,1773
142,1774
142,1775
194,1776
194,1777
194,1778
194,1779
142,1780
194,1781
121,1709
142,1765
142,1782
198,1767
142,1769
142,1731
194,1783
142,1733
142,1692
142,1719
194,1784
197,1761
142,1785
194,1786
194,1712
194,1787
194,1788
194,1789
194,1790
197,1689
194,1791
121,1733
194,1792
142,1793
194,1794
142,1795
194,1796
142,1698
194,1797
196,1724
194,1798
142,1799
194,1800
142,1712
142,1704
194,1801
188,1802
194,1803
142,1804
194,1805
142,1806
196,1807
199,1808
194,1746
142,1809
200,1718
194,1810
194,1811
194,1812
194,1813
194,1814
144,1804
142,1790
188,1782
144,1765
142,1748
194,1815
194,1816
194,1780
142,1702
121,1727
142,1721
194,1817
194,1716
194,1728
194,1818
196,1813
194,1819
142,1815
194,1820
194,1703
194,1821
188,1822
5,1692
121,1823
194,1824
121,1722
194,1825
194,1761
194,1806
196,1826
194,1827
142,1740
142,1802
194,1700
142,1734
23,1823
194,1828
194,1829
197,1819
188,1758
196,1830
194,1831
142,1691
142,1796
194,1832
142,1751
142,1727
142,1833
194,1785
142,1834
194,1809
142,1835
142,1836
194,1707
194,1807
194,1837
201,1815
98,1710
194,1838
194,1839
194,1775
194,1836
17,1692
196,1712
194,1774
194,1773
194,1736
194,1766
142,1779
142,1688
194,1822
142,1708
142,1750
188,1799
194,1743
142,1840
38,1736
142,1800
142,1714
140,1692
194,1690
194,1833
194,1841
140,1709
142,1716
142,1842
194,1834
194,1767
142,1823
142,1728
142,1760
194,1843
142,1839
194,1844
142,1845
194,1846
194,1847
194,1748
142,1826
194,1823
23,1748
194,1709
142,1822
194,1848
194,1830
188,1746
194,1849
142,1757
142,1808
194,1850
194,1851
194,1772
194,1802
194,1711
197,1743
194,1808
194,1713
194,1852
194,1842
194,1853
194,1854
202,1855
24,1856
174,1857
121,1858
12,1859
203,1860
29,1857
204,1859
204,1861
29,1862
121,1863
205,1864
36,1865
204,1866
204,1867
29,1868
31,1869
29,1855
142,1870
121,1870
205,1860
29,1871
205,1872
29,1873
181,1859
31,1861
203,1874
174,1863
204,1865
12,1875
130,1876
205,1877
36,1876
130,1878
29,1874
121,1857
29,1879
130,1867
205,1868
130,1859
35,1868
203,1873
130,1856
181,1880
36,1881
204,1875
121,1882
36,1878
130,1866
181,1867
130,1861
205,1874
121,1877
205,1883
29,1884
130,1875
204,1880
31,1883
29,1885
131,1855
36,1867
29,1877
29,1858
130,1881
181,1861
29,1863
130,1868
29,1864
203,1877
29,1860
202,1868
31,1874
38,1886
35,1886
35,1856
31,1862
204,1876
202,1864
203,1855
130,1884
31,1885
204,1881
130,1880
205,1887
36,1880
29,1872
36,1866
121,1888
202,1873
131,1887
29,1889
36,1861
202,1887
121,1890
31,1879
29,1861
31,1872
36,1859
204,1889
29,1882
35,1855
31,1884
29,1891
206,1887
29,1883
31,1891
31,1858
12,1878
29,1856
29,1869
130,1860
29,1881
204,1878
29,1887
31,1892
29,1893
31,1894
31,1895
31,1896
31,1897
31,1898
29,1899
29,1892
29,1900
31,1901
31,1902
31,1903
31,1904
31,1905
31,1899
29,1901
31,1906
31,1907
29,1908
31,1909
31,1910
186,1895
31,1911
30,1912
31,1913
29,1912
31,1914
31,1915
29,1904
31,1908
31,1916
31,1917
31,1918
29,1914
29,1902
31,1919
29,1917
31,1920
31,1921
31,1912
29,1922
29,1910
31,1923
29,1924
31,1925
29,1926
31,1893
36,1915
29,1896
31,1926
31,1927
29,1913
31,1928
31,1929
31,1924
31,1900
31,1930
29,1919
29,1898
31,1931
31,1922
38,1895
31,1932
96,1933
82,1934
82,1935
82,1936
82,1937
82,1938
82,1939
207,1940
208,1941
209,1942
208,1943
207,1944
109,1945
96,1946
82,1947
209,1948
96,1949
117,1950
82,1951
82,1952
82,1953
96,1954
10,1955
96,1956
82,1942
82,1957
82,1958
82,1959
82,1960
209,1961
82,1962
82,1963
82,1964
82,1965
82,1966
207,1967
82,1968
82,1969
96,1970
82,1971
82,1972
82,1955
96,1973
82,1974
82,1975
96,1976
82,1977
82,1978
82,1979
82,1967
82,1980
82,1981
96,1982
82,1983
207,1984
96,1985
82,1986
209,1987
96,1988
82,1989
117,1990
82,1948
207,1937
82,1991
82,1992
82,1993
82,1994
82,1995
96,1996
82,1997
209,1998
82,1999
82,2000
82,2001
96,2002
82,2003
96,2004
96,2005
82,2006
82,2007
82,2008
96,2009
82,1987
117,2002
82,2010
82,2011
82,2012
82,2013
82,2014
82,2015
96,2016
82,2017
82,2018
82,2019
96,2020
96,2021
82,2022
82,2023
209,1947
82,1988
82,2024
207,2025
82,2026
96,2027
210,1948
82,2028
82,2029
96,2030
209,2031
96,2032
211,1957
96,1965
96,2033
82,2034
82,1954
82,2035
82,2036
82,1998
82,2037
96,2038
82,2039
82,2040
82,2041
82,2042
82,2043
82,2009
207,1975
209,2044
96,2045
207,2046
82,2047
82,2048
96,2049
82,2050
96,1986
82,2051
82,2052
96,2053
82,2054
96,1938
82,2055
207,2017
82,2056
82,2057
82,2058
82,2059
82,1961
82,2060
82,2061
82,2062
212,2063
82,2064
209,1958
208,2065
208,2066
82,2067
96,2068
96,2007
82,2069
82,1949
82,2070
82,2071
82,1944
82,2072
82,2073
82,2074
82,2075
82,2076
82,2077
96,2078
96,1948
82,1970
96,2079
209,2080
89,1979
117,1965
96,2023
96,1939
96,2048
96,2081
82,1976
82,2082
82,2083
82,2084
96,2037
207,2085
82,2086
82,1945
82,2087
96,1993
82,2088
82,2089
82,2090
82,2091
96,2008
208,1994
10,2092
117,2093
96,1957
208,2073
82,2094
82,2095
82,2096
82,2097
82,2098
82,2099
96,2100
209,2101
82,2102
96,2103
209,1954
207,1996
96,2058
82,2104
82,2105
82,2106
82,2107
207,1951
96,2064
82,2108
207,2109
82,2110
89,2111
82,2044
82,2112
82,2113
82,2114
209,2115
96,2116
82,2117
82,2118
82,2119
82,2120
82,1941
82,2121
82,1950
82,2122
82,2123
209,2029
208,2079
82,2124
82,2033
209,1955
82,2125
82,2126
82,2127
82,2128
82,2129
82,2130
82,2131
96,2026
82,2132
82,2133
96,1947
96,2059
117,2056
10,2134
96,2135
96,2012
82,2136
82,2137
96,2138
82,2139
209,2053
82,2065
207,1942
208,2058
82,2140
117,2141
82,2142
82,2068
82,2143
209,1949
82,2144
209,2002
82,2116
82,2145
82,2146
209,2094
96,2147
96,2148
96,1950
209,1986
10,2149
96,2150
64,2020
83,2002
82,2138
82,2151
96,2056
82,2134
82,2101
82,2152
82,2103
96,1987
82,2148
82,1990
96,2152
82,2153
96,2154
117,2102
209,2058
109,2048
82,2155
82,2156
96,2151
82,2157
82,2158
96,1999
82,2115
82,2038
82,2159
96,2018
82,1984
96,1995
82,1973
96,2160
96,2086
209,2105
96,2013
207,1945
207,1936
82,2161
82,2162
96,2011
82,2163
82,2164
82,1985
82,2005
82,2004
207,2165
96,2155
96,2166
96,2167
109,2168
82,2020
82,2169
82,2170
82,2171
82,2172
82,2046
209,2092
82,2173
96,2174
82,2175
209,2163
82,2149
82,2176
96,2042
82,2177
82,2100
82,2178
82,1946
82,2079
96,2179
96,2175
208,2086
10,2058
82,2081
82,2141
82,2180
82,2181
82,1940
82,2182
82,2183
96,2113
82,2032
82,2080
96,2101
96,2010
82,2025
82,2184
82,2111
82,2185
82,2053
82,2186
96,2182
82,2045
95,2111
96,2024
82,2187
207,2135
82,2188
207,1962
209,2151
82,2030
82,2189
82,2190
82,2191
207,2002
82,2031
96,2163
82,2160
82,2192
208,2023
82,2193
82,2194
96,2195
82,2196
96,2126
96,2115
82,2174
82,2197
96,2107
82,2198
82,2199
82,2066
82,2200
82,2201
96,2149
209,2176
82,2202
209,2111
96,2092
209,2116
82,2203
96,2176
82,2204
82,1996
117,2063
207,1941
82,2205
82,2206
82,2150
96,2194
82,2207
82,2208
82,2209
82,2154
82,2085
117,2053
209,2159
207,2048
96,2142
82,2210
82,2211
207,2186
82,2212
82,2109
82,2213
82,2214
96,2022
82,2215
82,2216
82,2217
82,2218
82,2219
82,2220
96,2140
82,1982
82,2221
82,2179
117,2184
82,2222
207,1970
96,2162
82,2223
82,2224
82,2049
82,2092
82,2225
207,2150
82,1943
209,2155
82,2226
82,2227
82,2228
82,2229
82,2230
209,2061
96,2035
82,2231
96,2134
82,2166
82,2021
82,2232
82,1933
96,2196
82,2016
82,2233
207,2031
82,2165
209,2198
96,2076
82,2234
82,2078
82,2147
82,2235
82,2135
208,1989
96,2105
209,2103
82,2236
82,2167
82,2237
82,2093
82,2002
82,2238
96,2213
96,1961
82,1956
82,2168
82,2239
207,2133
82,2027
96,2090
82,2195
82,2240
82,2241
208,2224
10,2068
96,1958
142,2242
188,2243
142,2244
188,2245
84,2246
142,2247
142,2248
188,2249
142,2250
84,2251
142,2252
142,2253
142,2254
142,2255
142,2256
142,2257
84,2258
142,2259
142,2260
188,2261
142,2262
188,2253
194,2263
142,2264
142,2265
142,2251
142,2266
188,2248
188,2267
196,2268
142,2269
142,2270
84,2271
142,2243
188,2272
142,2258
142,2273
142,2274
188,2268
142,2275
142,2276
188,2277
142,2278
142,2279
188,2252
194,2277
144,2257
194,2280
144,2281
142,2249
84,2282
188,2283
142,2284
142,2285
188,2286
188,2287
142,2288
142,2289
142,2290
194,2291
188,2292
142,2293
188,2250
188,2294
142,2295
84,2296
142,2297
194,2298
188,2299
142,2300
194,2301
142,2302
188,2256
142,2283
188,2302
213,2257
142,2303
84,2304
140,2271
188,2257
188,2305
188,2306
194,2307
84,2265
142,2294
188,2289
188,2279
194,2308
142,2309
188,2310
142,2298
188,2311
188,2312
142,2313
142,2314
188,2270
84,2315
142,2296
188,2255
84,2274
214,2265
142,2316
136,2317
84,2318
197,2278
188,2319
142,2320
121,2257
188,2295
142,2246
142,2321
142,2322
142,2281
194,2323
142,2245
142,2324
188,2297
188,2325
188,2303
142,2267
142,2326
188,2244
142,2272
142,2327
194,2328
188,2329
213,2249
84,2330
215,2331
142,2318
142,2332
84,2288
142,2333
142,2277
142,2286
188,2316
142,2271
188,2326
142,2323
188,2273
17,2251
142,2334
142,2335
196,2302
84,2336
199,2295
199,2315
142,2268
194,2265
84,2247
142,2261
142,2337
194,2278
84,2338
188,2260
188,2333
142,2325
188,2300
188,2317
84,2339
188,2266
142,2317
188,2327
142,2340
216,2341
31,2342
88,2343
36,2344
216,2345
216,2346
217,2347
216,2348
216,2349
58,2350
218,2351
36,2352
217,2353
217,2342
216,2354
219,2355
216,2356
36,2357
216,2358
85,2359
216,2360
58,2361
216,2362
216,2363
36,2364
36,2365
66,2366
220,2367
120,2368
216,2369
58,2370
58,2371
216,2372
114,2373
217,2374
216,2344
216,2375
216,2376
93,2357
33,2377
10,2378
36,2379
216,2380
219,2381
216,2382
216,2383
216,2384
58,2375
114,2385
58,2386
116,2368
88,2387
216,2388
106,2389
221,2350
58,2387
58,2390
216,2391
216,2392
216,2393
216,2394
58,2395
60,2396
216,2397
36,2398
113,2399
58,2400
60,2401
36,2377
58,2402
216,2403
36,2404
36,2405
216,2406
216,2407
36,2408
87,2409
216,2410
216,2411
216,2412
36,2413
216,2414
65,2415
216,2416
216,2417
36,2374
88,2400
220,2364
44,2418
60,2419
36,2362
217,2420
58,2421
58,2389
58,2422
62,2419
217,2423
216,2418
217,2424
36,2384
113,2400
216,2425
52,2394
216,2426
36,2417
36,2354
58,2408
216,2427
58,2399
221,2342
216,2428
216,2429
112,2386
60,2430
36,2420
36,2411
217,2368
113,2431
60,2368
12,2379
216,2364
216,2432
216,2433
36,2434
216,2435
222,2354
185,2347
216,2436
36,2437
36,2438
216,2439
88,2379
58,2440
222,2344
88,2418
217,2441
216,2442
58,2403
36,2443
72,2443
216,2444
88,2445
216,2446
80,2359
216,2447
88,2448
216,2449
216,2450
36,2451
216,2452
114,2386
88,2357
113,2403
58,2362
216,2352
36,2442
216,2366
60,2443
216,2443
216,2453
216,2438
222,2348
216,2422
223,2438
66,2359
216,2408
113,2454
113,2368
69,2361
216,2455
36,2456
216,2440
216,2457
216,2458
36,2433
36,2459
216,2460
58,2461
222,2442
216,2462
36,2463
58,2464
36,2349
58,2465
58,2466
118,2373
58,2420
88,2467
69,2421
216,2468
216,2469
36,2470
216,2471
216,2472
216,2464
71,2359
216,2473
219,2474
185,2376
216,2475
217,2410
66,2419
216,2420
88,2476
36,2477
216,2478
216,2479
58,2384
36,2480
216,2434
118,2368
88,2431
62,2421
163,2443
216,2481
58,2482
216,2483
220,2425
36,2484
220,2438
216,2485
58,2428
58,2418
216,2486
33,2399
36,2487
216,2389
216,2488
216,2484
36,2489
36,2401
216,2490
65,2471
218,2491
217,2397
216,2480
216,2482
216,2492
216,2493
222,2438
216,2494
220,2495
216,2350
217,2443
216,2377
58,2476
58,2496
224,2364
36,2497
216,2498
36,2499
216,2500
36,2501
216,2415
216,2368
218,2495
88,2402
36,2412
36,2502
36,2452
216,2503
36,2435
60,2415
222,2384
36,2504
216,2505
217,2379
62,2430
217,2377
10,2406
216,2476
58,2364
216,2379
224,2506
216,2507
36,2508
36,2509
218,2510
217,2511
216,2512
36,2513
60,2385
72,2359
216,2514
225,2417
220,2348
216,2424
36,2515
36,2516
216,2517
217,2396
58,2518
88,2519
113,2519
216,2511
114,2431
58,2467
36,2353
216,2520
60,2366
216,2521
88,2522
218,2523
62,2415
217,2458
93,2371
58,2397
62,2443
216,2518
216,2524
216,2525
58,2526
65,2527
62,2409
106,2476
218,2344
65,2443
114,2443
217,2421
36,2527
216,2378
216,2528
36,2529
216,2530
217,2346
216,2531
217,2532
36,2533
222,2478
216,2534
216,2535
222,2495
218,2536
58,2500
41,2397
60,2373
216,2487
62,2359
114,2415
216,2353
69,2443
216,2537
58,2379
87,2396
216,2451
36,2418
36,2538
217,2539
88,2373
93,2350
58,2373
58,2471
41,2418
106,2422
26,2465
60,2421
218,2540
36,2541
58,2394
217,2497
88,2542
36,2543
217,2359
93,2514
216,2544
36,2416
36,2545
116,2377
224,2495
33,2443
216,2402
216,2546
216,2547
36,2548
216,2549
216,2550
58,2357
62,2373
216,2510
58,2445
36,2495
36,2505
222,2364
217,2358
60,2539
60,2409
87,2430
216,2527
26,2377
216,2551
216,2552
216,2553
36,2554
216,2555
220,2417
58,2342
36,2556
216,2557
216,2558
216,2559
36,2367
216,2560
60,2408
88,2474
36,2342
216,2342
58,2506
216,2441
45,2418
10,2488
45,2368
113,2443
58,2525
82,2443
58,2443
38,2561
38,2562
38,2563
38,2564
38,2565
187,2566
38,2567
187,2568
38,2569
38,2570
38,2571
38,2572
38,2573
38,2574
38,2575
38,2576
38,2577
38,2578
38,2579
38,2580
38,2581
38,2582
226,2583
38,2584
38,2585
38,2586
38,2587
38,2588
39,2589
38,2590
39,2581
38,2591
38,2592
38,2593
38,2594
38,2595
227,2596
38,2597
38,2598
38,2599
38,2600
38,2601
182,2602
227,2603
38,2604
38,2605
227,2606
38,2607
38,2608
38,2609
183,2610
38,2611
38,2612
38,2613
38,2614
38,2615
38,2616
38,2617
38,2618
38,2619
38,2620
39,2573
38,2621
38,2622
198,2623
38,2624
39,2625
38,2626
38,2627
39,2586
39,2628
198,2610
38,2629
38,2630
38,2631
38,2632
38,2633
38,2634
38,2635
38,2636
227,2637
38,2638
38,2639
187,2610
226,2640
182,2641
227,2642
227,2643
38,2644
38,2645
38,2646
38,2647
38,2648
183,2649
38,2650
187,2651
195,2652
38,2653
38,2654
38,2655
38,2656
38,2657
38,2658
38,2659
38,2660
38,2661
182,2662
38,2663
38,2664
38,2665
38,2666
38,2667
38,2668
38,2669
187,2670
38,2671
38,2672
38,2596
187,2673
38,2674
38,2675
195,2573
198,2676
38,2677
38,2678
38,2679
38,2680
38,2681
38,2682
38,2683
38,2684
38,2602
38,2685
38,2686
38,2687
38,2688
182,2689
226,2596
38,2690
38,2691
38,2692
38,2693
38,2694
39,2695
39,2696
38,2697
38,2698
38,2699
38,2700
38,2701
38,2702
38,2703
227,2682
38,2704
38,2705
39,2706
38,2696
38,2707
38,2708
38,2709
38,2710
38,2711
38,2712
38,2625
182,2580
226,2713
182,2714
182,2695
38,2715
38,2716
38,2717
187,2718
195,2586
38,2719
38,2720
38,2721
38,2722
198,2723
38,2724
38,2725
38,2726
182,2727
38,2728
38,2729
38,2730
38,2731
38,2643
38,2732
38,2662
38,2733
38,2734
38,2735
38,2736
38,2606
38,2737
38,2738
38,2739
38,2740
38,2741
182,2742
38,2743
38,2744
38,2714
187,2745
38,2746
39,2652
38,2747
38,2748
38,2749
38,2750
38,2751
38,2752
38,2753
38,2754
39,2755
38,2756
38,2757
38,2758
38,2759
38,2760
38,2761
182,2762
39,2708
38,2623
38,2763
38,2764
38,2765
39,2641
38,2766
38,2767
182,2706
38,2768
195,2769
182,2586
38,2770
39,2574
38,2771
39,2662
38,2695
38,2772
38,2773
195,2746
38,2774
38,2775
38,2776
38,2777
38,2778
38,2779
38,2780
195,2690
227,2779
187,2781
195,2641
38,2782
38,2713
38,2783
38,2784
38,2785
38,2786
38,2787
38,2788
38,2789
38,2790
38,2791
38,2792
38,2793
38,2794
38,2568
38,2795
38,2762
38,2796
38,2797
227,2640
38,2798
38,2799
38,2800
38,2801
38,2755
38,2802
38,2803
38,2804
198,2745
38,2805
38,2806
38,2723
38,2807
182,2583
38,2808
38,2809
38,2769
38,2810
38,2637
38,2811
38,2812
38,2813
187,2814
38,2815
38,2816
38,2817
38,2818
38,2819
227,2743
182,2820
39,2594
38,2821
39,2569
38,2822
38,2823
38,2824
38,2825
38,2826
182,2764
38,2827
136,2573
38,2828
38,2829
38,2830
38,2831
38,2832
38,2642
38,2833
38,2727
228,2713
38,2834
38,2835
38,2820
38,2836
38,2641
187,2837
38,2838
38,2839
38,2840
228,2640
38,2841
38,2842
38,2843
182,2682
39,2600
183,2764
38,2844
38,2845
38,2846
38,2566
227,2583
39,2797
38,2837
227,2653
227,2769
227,2713
187,2847
38,2848
38,2849
38,2850
38,2851
38,2852
38,2853
39,2854
183,2820
198,2728
38,2589
38,2855
187,2856
38,2857
38,2858
38,2859
38,2860
38,2861
38,2862
38,2863
142,2728
38,2864
38,2865
38,2866
38,2867
38,2868
38,2869
38,2870
227,2830
38,2871
38,2872
38,2873
38,2603
38,2874
38,2875
38,2649
38,2876
38,2877
182,2728
38,2878
38,2879
38,2880
229,2641
38,2881
38,2882
38,2883
195,2628
38,2884
38,2885
39,2769
38,2854
38,2886
213,2887
214,2888
142,2889
121,2890
214,2891
121,2892
214,2893
121,2894
174,2895
230,2893
175,2894
214,2896
121,2897
121,2898
214,2899
142,2900
214,2901
142,2902
231,2903
121,2895
230,2904
142,2905
168,2895
230,2895
121,2906
214,2907
213,2908
10,2905
10,2897
121,2909
142,2910
121,2911
214,2912
214,2913
121,2900
230,2914
214,2915
121,2916
10,2904
10,2917
214,2918
121,2905
121,2919
213,2917
10,2920
10,2921
142,2922
214,2914
231,2904
214,2923
121,2914
142,2924
121,2920
142,2925
121,2926
214,2910
213,2927
213,2928
231,2920
121,2929
121,2930
142,2895
214,2931
121,2896
213,2891
214,2932
142,2927
214,2933
214,2934
214,2935
214,2908
142,2907
214,2936
214,2911
231,2913
142,2896
121,2937
121,2938
121,2939
10,2906
121,2913
121,2940
136,2941
121,2942
168,2926
136,2897
232,2911
214,2905
199,2943
214,2889
214,2887
214,2943
142,2887
142,2944
142,2945
230,2946
121,2947
230,2911
213,2932
230,2917
213,2901
121,2935
214,2904
10,2932
121,2932
121,2948
121,2893
121,2946
213,2936
213,2915
121,2902
214,2949
142,2897
230,2897
10,2940
10,2887
230,2903
142,2933
214,2927
121,2915
121,2950
19,2939
10,2950
10,2937
142,2951
214,2948
10,2952
142,2888
142,2953
10,2929
213,2924
121,2903
142,2954
19,2920
121,2945
142,2934
230,2896
214,2946
213,2899
142,2915
214,2954
142,2891
231,2937
142,2912
121,2888
142,2918
142,2943
230,2955
121,2933
230,2937
214,2956
214,2900
230,2957
214,2958
214,2929
121,2921
142,2901
142,2893
121,2953
19,2959
142,2929
213,2944
10,2893
214,2944
10,2960
214,2916
10,2926
10,2933
214,2922
174,2933
214,2895
121,2959
142,2936
121,2955
121,2904
121,2889
121,2960
214,2951
121,2957
10,2894
214,2928
121,2941
230,2913
142,2949
121,2917
142,2956
121,2961
214,2945
233,2932
121,2923
10,2915
214,2902
142,2935
121,2952
142,2932
142,2916
121,2928
214,2925
214,2962
214,2924
121,2963
142,2923
230,2964
214,2930
136,2930
231,2906
58,2965
219,2966
58,2967
234,2968
235,2968
58,2969
58,2970
103,2971
221,2972
92,2973
58,2974
103,2975
234,2976
103,2977
92,2978
219,2979
58,2980
58,2981
58,2982
106,2983
58,2984
58,2985
235,2966
103,2974
92,2966
103,2981
92,2986
103,2987
58,2988
236,2989
58,2990
103,2991
58,2992
122,2993
103,2994
219,2995
103,2990
58,2977
106,2996
103,2993
58,2997
235,2998
58,2972
237,2989
234,2967
58,2999
58,3000
103,3001
103,3002
58,2991
103,3003
92,3004
58,3005
58,2973
58,2994
234,2998
234,3006
58,3007
58,3008
58,2978
103,3009
52,3010
234,3011
58,2987
92,3000
103,3012
58,3013
58,3014
92,3009
58,3015
106,3011
235,2969
58,3016
103,3017
103,3018
58,2975
58,2979
103,3004
92,3019
219,2990
58,3020
58,3001
58,3021
103,3022
58,3023
58,3024
235,2967
235,3025
58,2968
58,3026
237,3003
219,2980
103,3020
103,3007
58,3027
58,2966
58,3010
163,3001
58,3012
58,3028
58,3018
58,3011
237,2966
58,3017
234,2996
58,3002
58,3029
58,2983
219,3030
106,2976
103,2986
238,2985
103,3031
235,3006
235,2996
103,3032
103,3033
42,2998
219,3003
103,3034
103,3016
106,3008
103,2972
103,3026
58,3035
106,2966
58,3036
58,3025
234,2966
58,3037
103,2978
58,3022
219,3001
58,2971
58,3038
219,2985
236,3003
58,3039
12,3035
106,3023
219,3040
103,3041
58,3009
58,3042
237,3043
103,3000
103,2985
58,3044
103,3038
58,3031
58,3041
58,3004
58,3045
92,3031
103,3010
103,3045
219,3046
58,3047
58,3048
103,2988
216,3003
58,2976
58,2995
58,2998
58,2993
58,3032
236,3043
103,2973
58,3033
106,2998
234,2969
103,2968
58,3003
110,2966
103,2966
58,3049
219,3039
103,3013
58,3050
234,3025
120,3051
52,3052
45,3053
93,3054
114,3055
88,3056
45,3057
45,3058
45,3059
88,3060
114,3061
114,3062
113,3063
113,3064
12,3065
93,3066
93,3067
120,3068
88,3069
51,3070
45,3071
45,3072
219,3073
113,3074
45,3075
93,3076
94,3077
120,3078
120,3079
88,3080
114,3060
118,3081
93,3082
114,3067
88,3083
113,3084
45,3085
114,3065
45,3086
93,3087
113,3082
114,3088
120,3089
113,3054
113,3067
114,3069
120,3090
118,3091
190,3092
88,3065
45,3093
93,3094
219,3095
216,3096
120,3097
114,3098
94,3099
45,3100
120,3101
88,3062
45,3102
88,3103
88,3063
45,3104
88,3105
33,3096
219,3106
51,3107
120,3108
62,3109
113,3109
45,3110
120,3076
219,3068
88,3081
217,3067
113,3105
113,3083
113,3111
114,3066
51,3112
112,3113
88,3055
45,3114
45,3115
120,3116
120,3117
113,3061
88,3087
113,3056
88,3101
118,3067
113,3118
45,3119
118,3101
216,3120
113,3121
93,3122
26,3096
120,3123
113,3078
118,3055
88,3124
45,3125
45,3095
93,3126
94,3127
118,3061
52,3092
88,3128
118,3062
93,3062
120,3129
114,3121
113,3130
120,3106
219,3131
120,3132
45,3133
113,3128
51,3134
118,3135
89,3136
120,3137
45,3138
62,3122
94,3122
88,3139
120,3136
216,3055
45,3140
93,3051
88,3122
93,3103
88,3141
120,3142
219,3119
94,3101
113,3143
113,3144
113,3094
219,3145
88,3051
216,3146
113,3060
93,3147
52,3148
45,3149
88,3150
93,3151
138,3135
51,3152
93,3078
88,3153
45,3154
45,3155
113,3156
45,3157
45,3158
62,3123
113,3051
51,3073
114,3153
219,3138
45,3159
45,3160
118,3161
51,3072
45,3068
120,3162
45,3163
51,3138
51,3164
120,3165
65,3147
45,3107
120,3166
113,3081
120,3134
113,3167
113,3168
45,3169
118,3098
239,3087
120,3170
93,3171
88,3078
52,3172
113,3173
93,3174
93,3150
45,3175
45,3176
113,3112
94,3136
45,3134
113,3177
45,3178
88,3174
120,3122
118,3122
120,3179
114,3135
88,3180
113,3141
118,3181
113,3113
88,3182
113,3098
216,3183
45,3184
51,3154
88,3067
219,3185
93,3183
113,3186
113,3122
120,3187
65,3078
45,3164
45,3131
114,3051
166,3119
120,3188
88,3189
52,3190
51,3095
113,3124
93,3191
51,3071
118,3191
88,3192
216,3060
113,3193
60,3122
113,3194
45,3070
113,3195
113,3139
120,3157
45,3073
45,3129
120,3147
113,3062
52,3134
45,3196
114,3139
93,3081
120,3197
93,3091
114,3171
45,3106
113,3198
45,3152
51,3155
93,3181
88,3135
88,3091
113,3055
113,3065
113,3080
45,3199
45,3200
51,3104
113,3201
45,3202
45,3090
45,3170
120,3203
88,3061
239,3161
45,3204
113,3069
113,3153
114,3056
45,3205
239,3206
113,3207
93,3208
45,3209
89,3122
88,3208
93,3098
88,3096
120,3119
93,3061
144,3210
150,3211
132,3212
240,3213
241,3214
240,3215
240,3216
142,3217
240,3218
240,3219
240,3220
132,3221
132,3222
242,3223
242,3224
240,3225
242,3226
240,3227
240,3228
243,3229
150,3230
132,3231
136,3218
144,3232
244,3233
240,3234
132,3235
140,3230
150,3236
240,3237
132,3238
5,3239
132,3240
132,3241
132,3242
5,3230
240,3243
132,3244
140,3245
142,3246
150,3247
144,3239
132,3248
132,3249
142,3250
144,3236
132,3251
144,3252
240,3253
240,3254
240,3255
132,3256
240,3257
142,3247
240,3258
140,3259
132,3260
142,3236
136,3237
194,3261
140,3261
132,3262
132,3263
242,3264
144,3230
242,3265
240,3266
150,3267
147,3239
142,3211
240,3268
5,3245
240,3269
142,3261
240,3270
84,3261
150,3271
240,3272
9,3214
132,3273
144,3261
150,3246
140,3250
240,3274
240,3275
132,3276
240,3277
240,3278
240,3279
240,3280
140,3281
132,3282
84,3283
240,3284
132,3285
132,3286
240,3287
132,3288
142,3267
144,3289
139,3259
144,3211
150,3283
240,3290
240,3291
240,3292
242,3233
5,3293
217,3294
217,3295
217,3296
217,3297
217,3298
217,3299
217,3300
217,3301
193,3302
217,3303
117,3304
217,3305
190,3306
217,3307
217,3308
217,3309
217,3310
217,3311
217,3312
217,3313
185,3314
217,3315
217,3316
123,3306
217,3317
217,3318
217,3319
217,3320
217,3321
217,3322
217,3323
217,3324
217,3325
217,3326
217,3327
217,3328
217,3329
217,3330
217,3331
53,3306
217,3332
217,3333
217,3334
217,3335
217,3336
217,3337
217,3338
217,3339
217,3340
36,3341
217,3342
217,3343
217,3344
217,3345
217,3346
217,3347
117,3330
185,3304
217,3348
217,3349
185,3350
217,3351
217,3352
217,3353
217,3354
217,3355
217,3356
217,3357
217,3358
217,3359
217,3360
217,3361
185,3344
217,3362
185,3363
217,3364
217,3365
217,3366
217,3367
217,3368
185,3330
217,3341
217,3369
217,3370
217,3371
217,3372
217,3373
217,3374
217,3375
217,3376
217,3377
217,3304
217,3378
217,3350
217,3379
217,3380
217,3381
217,3382
217,3383
185,3343
217,3384
217,3385
217,3386
217,3387
185,3388
217,3389
217,3390
217,3391
185,3392
217,3393
217,3394
217,3395
185,3396
217,3397
217,3398
217,3399
217,3400
217,3401
217,3402
217,3403
217,3404
217,3405
217,3406
217,3407
217,3408
217,3409
217,3410
217,3411
217,3412
217,3413
217,3414
217,3415
53,3330
217,3416
185,3306
19,3417
148,3418
245,3419
148,3420
17,3421
19,3422
148,3423
148,3424
19,3425
245,3426
246,3427
246,3428
19,3429
241,3430
245,3431
246,3432
241,3433
241,3434
148,3435
246,3436
246,3437
148,3438
148,3439
5,3440
148,3441
19,3442
5,3443
155,3418
246,3444
155,3445
246,3446
246,3447
145,3448
246,3449
246,3450
19,3451
247,3431
5,3452
247,3453
5,3454
19,3455
241,3456
148,3457
245,3458
19,3459
155,3438
241,3460
246,3461
241,3462
148,3463
148,3464
246,3465
5,3466
245,3467
246,3468
246,3469
19,3470
19,3471
248,3472
145,3473
246,3474
19,3475
241,3476
241,3477
241,3478
248,3479
246,3480
245,3481
248,3467
19,3482
19,3428
19,3483
158,3475
241,3484
19,3485
246,3486
247,3487
148,3488
19,3489
245,3460
241,3490
241,3491
248,3492
246,3493
5,3448
246,3494
19,3495
249,3496
241,3475
248,3497
241,3498
148,3499
246,3500
248,3501
17,3502
158,3489
22,3453
148,3503
5,3504
148,3505
19,3506
5,3507
5,3508
241,3509
241,3510
245,3511
241,3512
241,3432
19,3513
246,3514
1,3515
245,3516
245,3517
19,3518
19,3519
19,3431
245,3520
148,3521
19,3522
248,3523
5,3524
5,3473
246,3525
241,3526
241,3527
19,3528
5,3529
248,3530
250,3475
248,3516
145,3531
245,3453
241,3532
246,3533
148,3534
246,3535
241,3502
5,3536
246,3537
19,3538
246,3539
148,3485
19,3540
246,3541
146,3542
241,3543
241,3544
148,3475
241,3545
19,3546
241,3547
22,3548
241,3549
148,3489
241,3550
155,3551
5,3552
246,3553
246,3554
245,3555
248,3543
19,3556
148,3557
148,3558
246,3559
241,3560
241,3561
248,3562
245,3563
241,3564
148,3565
245,3566
145,3443
17,3452
246,3567
241,3568
241,3569
241,3570
241,3571
247,3572
5,3573
19,3574
148,3575
5,3576
241,3577
248,3456
241,3578
19,3579
19,3580
19,3581
5,3542
148,3483
19,3582
241,3583
19,3584
245,3585
247,3586
248,3587
19,3588
19,3589
5,3531
19,3590
19,3591
246,3592
146,3573
145,3593
246,3594
246,3595
241,3596
148,3597
246,3598
148,3502
155,3475
246,3599
19,3572
241,3600
19,3601
33,3475
187,3602
241,3603
17,3589
245,3548
248,3604
248,3605
148,3606
17,3475
246,3607
248,3566
22,3520
241,3608
245,3475
248,3609
19,3610
5,3611
245,3612
246,3613
19,3447
246,3614
19,3554
5,3615
245,3616
148,3445
19,3617
246,3618
248,3602
19,3445
19,3619
241,3620
248,3621
17,3515
246,3622
5,3593
5,3623
248,3624
148,3429
248,3625
246,3626
248,3585
247,3522
245,3627
19,3628
241,3629
241,3630
241,3631
19,3632
148,3633
246,3634
19,3635
19,3636
5,3554
19,3637
245,3625
247,3554
148,3638
5,3639
5,3640
148,3551
247,3419
246,3641
245,3642
246,3643
246,3644
241,3516
248,3627
246,3645
5,3496
19,3646
246,3647
246,3475
241,3485
5,3648
19,3649
251,3650
39,3651
252,3652
252,3653
96,3654
253,3655
253,3656
254,3657
255,3658
58,3659
256,3660
257,3654
258,3661
218,3662
254,3663
259,3664
260,3665
261,3666
255,3667
262,3668
252,3669
39,3670
251,3671
262,3672
255,3673
253,3674
255,3675
33,3676
263,3677
264,3678
263,3679
211,3680
265,3658
253,3681
255,3653
266,3682
267,3658
259,3683
39,3684
266,3685
268,3686
225,3669
264,3687
254,3659
218,3688
218,3689
211,3690
253,3679
33,3691
224,3692
267,3666
263,3686
269,3682
255,3693
211,3658
39,3694
225,3695
224,3696
220,3697
251,3698
257,3658
270,3699
255,3700
39,3701
252,3702
255,3703
224,3704
253,3705
58,3664
271,3706
272,3657
26,3707
251,3708
211,3709
256,3681
259,3710
220,3711
273,3712
39,3713
39,3714
220,3715
26,3716
274,3717
275,3718
259,3686
257,3661
33,3684
33,3719
220,3695
254,3720
251,3721
272,3682
36,3654
270,3706
268,3722
270,3722
276,3673
122,3670
253,3685
211,3723
254,3680
211,3667
274,3703
277,3724
58,3725
278,3726
58,3727
39,3650
266,3655
264,3663
264,3656
274,3728
255,3729
211,3729
270,3726
270,3703
222,3654
270,3679
62,3661
268,3724
251,3719
273,3653
251,3730
256,3686
254,3687
252,3731
108,3663
279,3661
271,3722
262,3732
255,3733
39,3734
39,3735
26,3735
257,3722
271,3677
175,3736
280,3737
262,3716
264,3653
260,3729
253,3738
264,3739
186,3653
274,3740
279,3690
110,3686
211,3702
264,3686
211,3722
256,3663
253,3657
264,3655
33,3670
254,3685
275,3741
220,3742
275,3722
251,3676
271,3679
175,3735
264,3685
272,3740
260,3743
251,3744
268,3681
271,3680
254,3745
33,3746
13,3747
220,3748
254,3705
260,3658
274,3658
262,3749
26,3750
272,3739
264,3706
266,3680
152,3698
220,3669
266,3686
273,3680
26,3751
256,3724
253,3724
39,3752
271,3717
251,3753
254,3686
26,3754
220,3654
211,3755
13,3737
220,3756
36,3757
271,3656
255,3758
253,3720
224,3756
261,3759
268,3680
270,3663
254,3760
268,3679
273,3674
122,3661
255,3669
251,3713
189,3709
211,3686
253,3722
88,3686
33,3761
254,3741
58,3696
254,3678
224,3659
211,3675
255,3762
256,3763
268,3709
275,3740
175,3764
266,3722
39,3765
253,3686
278,3745
279,3686
255,3723
211,3653
271,3678
254,3656
264,3720
274,3690
264,3745
26,3766
263,3767
271,3690
33,3753
255,3768
273,3720
264,3690
36,3727
278,3679
251,3769
175,3730
253,3726
254,3655
251,3765
260,3675
272,3716
266,3656
211,3699
39,3770
279,3726
39,3740
270,3660
274,3679
256,3678
275,3678
269,3726
251,3771
254,3718
275,3726
257,3686
39,3772
254,3738
254,3709
175,3684
211,3733
39,3773
272,3723
251,3734
266,3699
264,3682
44,3707
39,3676
254,3660
224,3661
271,3759
33,3654
33,3751
220,3774
255,3702
255,3680
26,3775
255,3776
175,3686
26,3719
258,3686
189,3706
251,3777
253,3709
252,3767
254,3712
264,3726
270,3705
254,3740
266,3726
58,3778
26,3746
264,3755
261,3686
268,3738
272,3759
274,3686
270,3657
270,3687
254,3706
58,3779
256,3674
105,3780
264,3657
271,3663
255,3781
272,3653
58,3782
211,3783
257,3784
257,3785
220,3757
276,3669
279,3786
224,3668
211,3664
39,3717
271,3739
39,3787
93,3654
273,3722
225,3661
254,3681
261,3658
272,3686
33,3754
279,3739
254,3763
41,3716
275,3745
273,3658
13,3788
255,3743
36,3661
270,3686
26,3761
263,3669
266,3720
225,3789
264,3679
220,3779
220,3789
270,3655
271,3674
255,3755
225,3654
254,3679
254,3703
218,3790
271,3686
274,3723
252,3723
271,3740
39,3671
33,3791
33,3716
33,3775
263,3673
273,3717
267,3683
217,3654
39,3769
255,3722
268,3687
268,3712
186,3792
44,3716
220,3733
256,3680
252,3729
254,3724
216,3654
105,3732
251,3701
225,3757
275,3679
251,3684
39,3746
91,3757
264,3683
39,3719
268,3657
251,3793
251,3764
33,3794
224,3654
211,3740
272,3658
13,3778
268,3705
261,3740
267,3686
211,3758
204,3654
211,3762
39,3795
251,3796
211,3678
271,3685
276,3723
211,3717
211,3657
255,3690
13,3661
220,3704
270,3745
264,3717
260,3653
270,3685
224,3748
252,3743
251,3736
225,3689
264,3658
272,3706
275,3709
256,3679
216,3779
253,3741
263,3723
251,3797
255,3798
262,3799
268,3763
218,3800
281,3801
222,3692
211,3728
251,3670
261,3674
262,3742
252,3667
273,3783
268,3718
274,3674
264,3661
264,3724
39,3766
269,3699
270,3709
211,3706
280,3661
262,3801
279,3740
224,3753
257,3663
253,3680
277,3657
189,3686
253,3739
272,3690
208,3689
39,3794
220,3668
275,3687
268,3660
211,3802
99,3661
267,3716
270,3712
278,3686
251,3792
262,3699
274,3783
272,3783
275,3663
254,3682
225,3716
175,3752
220,3803
225,3733
277,3722
255,3731
252,3781
211,3674
252,3661
255,3803
175,3797
255,3652
278,3703
211,3778
252,3677
254,3786
270,3760
251,3804
267,3664
41,3661
189,3772
255,3805
262,3707
275,3712
256,3745
257,3685
211,3677
39,3736
274,3731
268,3726
253,3745
255,3686
33,3766
33,3750
251,3806
272,3680
274,3722
271,3786
254,3699
279,3680
263,3740
263,3680
33,3735
186,3709
10,3665
273,3739
281,3749
264,3699
254,3726
275,3686
220,3661
253,3663
272,3665
220,3696
103,3654
261,3680
39,3807
224,3757
58,3757
255,3802
99,3686
255,3767
274,3720
269,3686
62,3654
252,3717
264,3705
255,3717
252,3693
216,3725
278,3722
255,3739
255,3677
255,3728
264,3722
252,3784
251,3770
251,3735
251,3787
122,3707
264,3740
260,3716
220,3659
220,3728
256,3738
278,3709
254,3739
260,3717
58,3654
274,3680
251,3808
251,3772
33,3752
251,3752
266,3678
262,3780
211,3739
255,3809
251,3773
251,3807
224,3695
255,3706
93,3727
186,3716
274,3755
275,3703
254,3722
58,3661
264,3760
268,3703
88,3661
259,3658
220,3809
251,3714
33,3734
142,3661
261,3656
272,3679
26,3691
270,3720
256,3655
26,3670
251,3716
255,3674
211,3679
268,3663
274,3653
264,3680
224,3774
264,3783
256,3722
39,3716
224,3716
256,3705
152,3658
256,3657
224,3686
274,3657
251,3694
256,3726
39,3753
20,3810
20,3811
20,3812
20,3813
20,3814
20,3815
103,3816
20,3816
20,3817
20,3818
20,3819
20,3820
20,3821
20,3822
20,3823
20,3824
20,3825
20,3826
20,3827
20,3828
20,3829
20,3830
20,3831
20,3832
20,3833
20,3834
20,3835
20,3836
20,3837
20,3838
20,3839
20,3840
20,3841
20,3842
20,3843
20,3844
36,3845
36,3846
31,3847
36,3848
36,3849
36,3850
31,3851
36,3852
36,3853
36,3854
36,3855
36,3856
36,3857
29,3847
36,3858
204,3859
204,3860
204,3861
204,3862
36,3863
29,3864
36,3865
204,3865
36,3866
29,3867
31,3868
181,3869
36,3870
36,3871
36,3872
36,3873
36,3874
36,3875
31,3856
29,3876
36,3877
36,3878
36,3879
36,3880
204,3863
29,3881
29,3851
36,3882
36,3883
36,3884
36,3885
204,3886
36,3862
36,3887
36,3888
36,3889
36,3890
36,3891
36,3892
36,3893
204,3894
36,3895
36,3896
36,3861
138,3897
36,3898
36,3899
36,3900
204,3901
204,3902
36,3903
36,3904
36,3905
204,3906
36,3907
36,3908
36,3909
204,3905
36,3910
204,3872
36,3911
36,3912
36,3913
36,3914
36,3886
36,3915
36,3916
36,3917
31,3864
36,3918
36,3919
36,3920
31,3881
204,3921
36,3922
36,3902
36,3923
36,3924
204,3911
183,3861
204,3879
31,3925
36,3926
36,3927
36,3928
36,3897
31,3876
204,3875
204,3929
204,3930
36,3906
36,3931
36,3869
36,3932
204,3933
36,3934
36,3935
36,3936
36,3937
36,3938
36,3933
204,3853
36,3939
36,3930
36,3940
36,3941
36,3942
36,3943
36,3901
204,3897
36,3944
36,3945
36,3946
36,3947
36,3948
36,3921
36,3949
36,3950
204,3909
130,3892
36,3951
36,3952
36,3953
36,3894
31,3867
36,3954
36,3955
31,3904
36,3956
36,3957
36,3958
204,3874
36,3929
36,3959
36,3960
36,3961
204,3882
36,3962
36,3963
36,3876
36,3964
181,3860
204,3880
36,3965
204,3885
181,3906
36,3860
183,3856
282,3966
283,3967
283,3968
134,3969
283,3970
139,3971
139,3972
133,3973
139,3974
134,3975
133,3976
283,3977
283,3978
283,3979
282,3980
133,3981
139,3982
139,3983
38,3984
139,3985
139,3986
134,3987
133,3988
229,3989
134,3990
229,3991
133,3992
229,3993
229,3994
284,3995
139,3996
229,3997
38,3977
282,3984
141,3998
20,3988
139,3999
283,4000
139,4001
284,4002
133,3980
133,3966
283,4003
133,4004
134,4004
58,4005
283,4006
133,4007
282,4008
139,4009
142,4008
139,3975
131,4010
229,4011
133,4012
139,4013
139,4014
139,4015
229,4016
139,4017
139,4018
139,4019
139,4020
139,4021
133,4022
139,4023
38,3995
283,4024
282,4025
229,4026
142,4022
283,4027
141,3988
19,4005
139,4028
139,4029
284,4004
139,4030
139,4031
229,4032
133,4033
139,4034
229,4035
229,4036
139,4037
139,4038
133,3984
139,4039
19,3988
139,4040
133,3990
133,4041
139,4042
283,4043
139,4044
229,4045
139,4046
134,3995
282,3976
139,4047
139,4048
195,4049
229,4050
282,4007
139,4051
283,4052
133,4053
22,3988
283,4004
283,4054
283,4055
139,4056
133,4057
141,4022
229,4017
134,4012
282,4058
134,3992
139,4059
139,3968
139,4060
139,4061
283,4062
138,3975
139,4063
133,4005
283,4064
139,4065
38,3980
139,4066
134,3998
139,4067
229,4068
139,4069
139,4057
139,4070
229,4071
142,4058
283,4072
282,3998
5,4005
134,3973
134,3988
139,4005
283,4073
133,3975
134,4005
283,4049
139,4074
229,4075
134,4076
229,4077
38,4078
139,4079
82,4005
133,4008
229,4080
139,4081
283,4026
284,3975
133,4076
139,4082
22,4083
139,4084
133,3998
133,3995
133,3987
22,4005
134,4033
283,4040
134,4053
283,4085
139,4086
139,4087
133,4058
283,4088
139,4089
139,4090
283,4078
229,4091
139,4092
134,4083
283,4093
139,4094
282,4041
283,4095
134,3981
282,4022
229,4096
229,4097
22,4012
229,4098
137,4033
229,4099
139,4100
139,4101
139,4102
131,3973
139,4103
133,4083
229,4104
283,4105
283,4106
139,3988
284,4005
229,4012
139,4107
142,3966
229,4108
134,4010
139,4109
229,4110
229,4111
17,4095
229,4112
139,4113
138,4012
120,4114
116,4115
116,4116
120,4117
118,4118
120,4119
120,4120
120,4121
116,4122
285,4123
116,4124
45,4125
286,4126
118,4126
116,4127
118,4128
116,4129
287,4130
285,4131
120,4132
116,4133
285,4134
116,4135
120,4136
116,4123
120,4124
118,4137
286,4138
116,4139
120,4140
116,4141
285,4124
116,4142
285,4143
116,4144
116,4145
116,4146
120,4147
120,4128
116,4148
120,4149
285,4150
116,4126
120,4151
286,4122
116,4118
118,4152
118,4129
285,4128
285,4133
116,4153
45,4149
120,4137
116,4154
286,4124
82,4146
118,4150
120,4155
116,4156
285,4114
118,4141
120,4157
120,4158
118,4125
88,4131
116,4117
45,4159
285,4117
12,4123
45,4160
120,4143
116,4161
118,4162
285,4153
285,4125
118,4153
45,4128
285,4126
285,4145
286,4146
285,4139
118,4131
286,4117
116,4160
118,4149
45,4150
118,4133
120,4163
45,4117
118,4143
45,4145
116,4164
285,4149
120,4165
285,4137
285,4141
116,4137
120,4160
116,4166
285,4132
120,4145
120,4167
120,4139
118,4132
285,4152
120,4168
120,4159
118,4124
116,4169
120,4170
118,4114
120,4171
116,4159
45,4124
285,4129
280,4172
175,4173
189,4174
169,4175
186,4176
176,4177
179,4178
280,4179
288,4180
169,4181
169,4182
175,4183
169,4184
260,4185
169,4186
255,4187
189,4188
175,4189
10,4179
289,4190
10,4191
169,4192
179,4193
274,4194
189,4194
189,4195
260,4196
177,4197
186,4198
224,4179
186,4199
186,4200
179,4201
26,4202
169,4203
175,4204
58,4179
175,4205
186,4206
186,4194
33,4207
169,4208
169,4209
169,4210
169,4211
175,4212
189,4190
169,4172
204,4213
290,4177
175,4214
175,4215
189,4216
169,4217
36,4218
169,4219
33,4179
189,4220
163,4179
189,4221
169,4222
169,4223
175,4224
291,4177
169,4225
189,4226
179,4227
186,4228
265,4180
186,4229
265,4177
186,4230
211,4190
204,4226
169,4231
189,4232
179,4233
189,4234
189,4176
169,4235
280,4236
292,4177
189,4205
142,4177
175,4237
169,4197
186,4238
189,4239
179,4240
175,4196
133,4187
179,4241
26,4242
289,4185
179,4243
189,4230
33,4244
175,4245
33,4242
189,4246
175,4179
255,4179
186,4247
175,4248
179,4249
186,4239
179,4250
179,4251
251,4246
280,4180
179,4252
58,4253
135,4194
33,4254
175,4239
175,4255
186,4174
33,4202
179,4256
179,4257
179,4258
175,4259
288,4177
44,4187
175,4260
169,4261
169,4262
175,4263
179,4264
169,4265
179,4266
189,4267
260,4179
169,4268
280,4182
26,4179
181,4263
280,4269
175,4229
260,4190
179,4270
167,4177
179,4271
175,4246
289,4179
189,4238
186,4246
13,4179
22,4179
169,4272
169,4178
17,4177
258,4191
177,4273
175,4274
189,4275
169,4177
175,4221
169,4276
169,4277
179,4276
121,4177
175,4234
169,4278
179,4279
186,4267
288,4179
167,4179
179,4280
288,4278
189,4199
39,4183
293,4278
169,4263
186,4281
189,4282
189,4283
175,4218
169,4284
280,4241
169,4285
189,4201
175,4286
280,4278
175,4201
169,4287
169,4288
189,4228
280,4210
258,4185
291,4289
169,4290
169,4291
258,4179
179,4292
186,4221
179,4263
175,4293
167,4213
121,4263
175,4294
169,4295
179,4226
175,4296
169,4289
189,4198
39,4278
173,4276
58,4238
186,4282
211,4179
280,4297
175,4298
176,4299
175,4232
175,4282
33,4300
294,4301
169,4299
175,4302
186,4188
167,4285
186,4255
175,4303
280,4304
189,4206
179,4305
179,4306
179,4213
169,4307
258,4190
169,4273
179,4308
176,4309
189,4281
263,4187
169,4297
186,4201
39,4194
88,4194
175,4200
175,4310
175,4304
181,4258
189,4253
189,4179
169,4311
175,4312
189,4247
179,4313
169,4269
179,4179
175,4314
169,4315
257,4177
169,4316
33,4294
264,4179
186,4234
169,4317
179,4248
186,4318
175,4319
175,4271
189,4318
186,4216
179,4320
179,4321
175,4322
267,4179
280,4177
175,4220
169,4323
169,4236
169,4324
179,4325
186,4232
189,4326
58,4327
258,4253
33,4328
169,4329
175,4330
121,4187
169,4309
33,4331
169,4213
175,4188
175,4292
169,4332
186,4179
121,4175
265,4304
260,4191
258,4177
189,4177
186,4253
169,4333
186,4283
169,4334
260,4335
288,4304
175,4177
169,4336
186,4326
10,4335
175,4337
186,4205
169,4338
186,4275
264,4339
136,4340
136,4341
136,4342
136,4343
136,4344
136,4345
136,4346
136,4347
136,4348
136,4349
136,4350
136,4351
136,4352
136,4353
136,4354
136,4355
136,4356
136,4357
136,4358
136,4359
136,4360
136,4361
136,4362
136,4363
136,4364
136,4365
136,4366
136,4367
136,4368
136,4369
136,4370
136,4371
136,4372
136,4373
136,4374
136,4375
136,4376
136,4377
136,4378
136,4379
136,4380
136,4381
136,4382
136,4383
136,4384
136,4385
136,4386
136,4387
136,4388
136,4389
136,4390
136,4391
136,4392
136,4393
136,4394
136,4395
136,4396
136,4397
136,4398
136,4399
136,4400
139,4384
136,4401
136,4402
136,4403
136,4404
136,4405
136,4406
136,4407
136,4408
136,4409
136,4410
136,4411
136,4412
136,4413
136,4414
136,4415
136,4416
136,4417
136,4418
136,4419
136,4420
136,4421
136,4422
136,4423
136,4424
136,4425
136,4426
136,4427
240,4378
136,4428
136,4429
136,4430
136,4431
136,4432
136,4433
136,4434
136,4435
136,4436
136,4437
136,4438
136,4439
136,4440
136,4441
136,4442
136,4443
136,4444
136,4445
136,4446
136,4447
136,4448
136,4449
136,4450
136,4451
136,4452
136,4453
136,4454
136,4455
136,4456
136,4457
136,4458
136,4459
136,4460
136,4461
136,4462
136,4463
136,4464
136,4465
136,4466
136,4467
136,4468
136,4469
136,4470
136,4471
136,4472
136,4473
136,4474
136,4475
136,4476
136,4477
136,4478
136,4479
136,4480
136,4481
136,4482
136,4483
136,4484
136,4485
136,4486
136,4487
136,4488
136,4489
136,4490
136,4491
136,4492
136,4493
136,4494
136,4495
136,4496
136,4497
136,4498
136,4499
136,4500
136,4501
136,4502
136,4503
136,4504
136,4505
136,4506
136,4507
136,4508
136,4509
136,4510
136,4511
136,4512
136,4513
136,4514
136,4515
136,4516
136,4517
136,4518
136,4519
136,4520
136,4521
136,4522
136,4523
136,4524
136,4525
136,4526
136,4527
136,4528
136,4529
136,4530
136,4531
136,4532
136,4533
136,4534
136,4535
136,4536
136,4537
136,4538
136,4539
136,4540
136,4541
136,4542
136,4543
136,4544
136,4545
136,4546
136,4547
136,4548
136,4549
136,4550
136,4551
136,4552
136,4553
136,4554
136,4555
136,4556
136,4557
136,4558
136,4559
136,4560
136,4561
136,4562
136,4563
136,4564
136,4565
136,4566
136,4567
136,4568
136,4569
136,4570
136,4571
136,4572
136,4573
136,4574
136,4575
136,4576
136,4577
295,4578
296,4579
135,4580
295,4581
135,4582
297,4583
130,4582
86,4584
296,4585
298,4586
295,4587
35,4588
130,4589
299,4590
300,4591
206,4592
301,4593
135,4594
135,4595
206,4596
206,4578
135,4597
135,4578
206,4598
298,4599
130,4600
29,4598
135,4601
135,4581
135,4602
181,4603
297,4604
181,4605
130,4606
295,4584
297,4599
297,4607
130,4608
135,4609
130,4610
181,4610
298,4611
203,4612
297,4612
205,4589
206,4613
206,4600
295,4597
302,4614
296,4607
135,4615
206,4616
299,4609
135,4617
296,4601
299,4618
298,4619
130,4597
303,4620
35,4589
121,4589
296,4612
181,4592
206,4621
297,4622
130,4623
135,4612
298,4624
298,4616
302,4625
181,4597
304,4626
206,4603
303,4586
205,4627
300,4626
298,4607
296,4624
130,4628
305,4597
203,4578
181,4629
135,4630
303,4624
130,4603
300,4582
302,4583
305,4583
296,4631
302,4602
302,4619
302,4624
130,4632
302,4601
203,4582
302,4633
206,4584
298,4604
130,4634
203,4587
135,4579
302,4612
135,4592
17,4581
300,4597
296,4622
130,4594
295,4594
203,4618
135,4589
305,4614
203,4595
130,4621
299,4635
298,4636
131,4591
300,4608
299,4625
295,4585
299,4579
130,4637
135,4638
130,4593
302,4636
181,4608
135,4604
206,4597
299,4639
295,4601
300,4640
302,4641
297,4624
302,4595
181,4637
130,4642
206,4615
206,4589
302,4590
296,4614
203,4639
298,4643
298,4644
130,4598
295,4612
298,4631
296,4586
299,4630
135,4625
298,4645
130,4591
300,4592
295,4614
130,4646
35,4638
135,4590
301,4595
130,4647
181,4648
181,4593
135,4585
300,4628
130,4592
206,4617
130,4588
181,4647
297,4601
302,4644
305,4617
302,4604
206,4649
202,4589
296,4597
181,4627
299,4624
297,4644
298,4641
35,4642
203,4615
300,4578
305,4606
29,4589
305,4601
302,4630
181,4634
181,4588
130,4626
296,4594
302,4631
302,4638
302,4645
181,4606
303,4643
298,4583
300,4634
135,4635
299,4612
303,4597
135,4598
297,4620
305,4602
35,4634
206,4650
130,4648
298,4602
130,4596
35,4651
181,4652
298,4620
203,4580
305,4636
305,4594
203,4585
130,4616
295,4630
298,4612
303,4595
305,4585
299,4622
297,4602
206,4623
181,4591
305,4630
35,4632
305,4620
295,4620
130,4653
130,4578
300,4580
303,4619
296,4619
297,4619
203,4649
131,4652
298,4595
181,4600
295,4654
203,4589
295,4626
303,4644
299,4594
86,4585
305,4609
305,4654
35,4640
130,4587
130,4629
302,4597
298,4597
297,4597
135,4622
297,4645
298,4614
135,4614
206,4634
305,4612
296,4636
303,4602
205,4648
130,4650
203,4597
206,4628
130,4615
296,4643
298,4655
299,4615
300,4616
302,4620
203,4617
296,4615
35,4592
130,4617
35,4606
130,4627
35,4598
35,4580
130,4580
203,4630
295,4582
305,4589
135,4623
35,4646
130,4652
181,4596
303,4583
35,4649
305,4643
302,4643
296,4638
35,4578
130,4656
203,4626
302,4585
203,4623
135,4619
297,4643
35,4628
90,4657
28,4658
306,4659
90,4660
90,4661
90,4662
90,4663
90,4664
90,4665
90,4666
90,4667
90,4668
90,4669
90,4670
90,4671
90,4672
90,4673
90,4674
90,4675
90,4676
90,4677
90,4678
90,4679
90,4680
90,4681
90,4682
90,4683
90,4684
90,4685
90,4686
90,4687
90,4688
90,4689
90,4690
90,4691
90,4692
90,4693
90,4694
90,4695
90,4696
90,4697
90,4698
90,4699
90,4700
90,4701
90,4702
90,4703
90,4704
90,4705
90,4706
307,4707
90,4708
90,4709
90,4710
90,4711
90,4712
90,4713
90,4714
90,4715
90,4716
90,4717
90,4718
90,4719
90,4720
90,4721
90,4722
90,4723
90,4724
90,4725
90,4726
90,4727
90,4728
90,4729
307,4730
90,4731
90,4732
90,4658
90,4733
90,4734
90,4735
90,4736
90,4737
90,4738
307,4739
307,4740
90,4741
90,4742
90,4743
90,4744
90,4745
90,4746
90,4747
90,4748
308,4749
90,4750
90,4751
90,4752
308,4753
90,4754
90,4755
90,4756
90,4757
90,4758
90,4759
90,4760
90,4761
90,4762
90,4763
90,4764
90,4765
90,4766
90,4767
90,4768
90,4769
90,4770
90,4771
90,4772
90,4773
90,4774
90,4775
90,4776
90,4777
90,4778
90,4779
90,4780
90,4781
90,4782
307,4732
90,4783
90,4784
90,4785
90,4786
90,4787
90,4788
90,4789
90,4790
90,4791
90,4792
90,4793
90,4794
90,4795
90,4796
90,4797
90,4798
90,4799
90,4800
90,4801
90,4802
90,4803
90,4804
90,4805
90,4806
307,4807
90,4740
90,4808
90,4809
90,4810
90,4811
90,4812
90,4813
90,4814
90,4815
307,4816
90,4817
60,4777
90,4818
90,4819
90,4820
308,4818
90,4821
90,4822
90,4823
90,4730
90,4824
90,4825
90,4826
90,4827
90,4828
90,4829
90,4830
90,4831
90,4832
90,4833
90,4834
90,4739
307,4675
90,4835
307,4773
90,4836
90,4837
90,4838
90,4839
90,4840
90,4841
90,4842
90,4843
90,4844
90,4749
90,4845
90,4846
90,4847
90,4848
90,4849
90,4850
90,4851
90,4852
90,4853
90,4854
308,4855
307,4850
308,4856
90,4857
90,4858
90,4859
90,4860
90,4861
90,4862
90,4863
90,4864
90,4865
90,4866
90,4867
308,4706
90,4868
307,4720
90,4869
90,4870
90,4871
90,4872
90,4753
90,4873
90,4874
90,4875
90,4876
90,4877
90,4878
90,4879
90,4880
90,4881
90,4882
90,4883
90,4884
90,4885
90,4886
90,4887
90,4888
308,4889
90,4890
90,4891
90,4892
90,4893
90,4894
90,4895
90,4896
90,4897
90,4898
90,4899
308,4816
90,4900
90,4855
90,4901
90,4902
90,4903
90,4904
90,4816
90,4856
90,4905
90,4906
90,4907
90,4908
90,4909
90,4910
90,4911
90,4659
90,4912
308,4790
90,4913
90,4914
90,4807
90,4915
90,4916
90,4917
90,4918
90,4919
90,4920
90,4921
90,4922
308,4923
90,4924
307,4759
90,4925
90,4926
90,4927
90,4928
90,4929
90,4930
90,4931
90,4932
90,4923
90,4933
90,4934
90,4935
90,4936
90,4937
90,4938
90,4939
90,4940
90,4941
90,4889
90,4942
90,4943
90,4707
90,4944
90,4945